time_s,frame,n_people,bearing_deg,yaw,target_yaw,err_deg,spin,t,left_raw,right_raw,status
0.034,100,1,-15.9,-7.01,8.9,15.9,1,-60,60,-60,running
0.070,101,1,-15.3,-6.96,8.5,15.5,1,-59,59,-59,running
0.123,102,1,-15.5,-6.98,8.5,15.5,1,-59,59,-59,running
0.174,103,1,-14.6,-7.04,8.0,15.0,1,-58,58,-58,running
0.215,104,1,-15.3,-7.11,8.2,15.3,1,-59,59,-59,running
0.266,105,1,-15.3,-7.12,8.2,15.4,1,-59,59,-59,running
0.303,106,1,-15.3,-7.06,8.3,15.3,1,-59,59,-59,running
0.342,107,1,-15.4,-6.96,8.4,15.3,1,-59,59,-59,running
0.414,108,1,-15.0,-6.05,8.2,14.2,1,-56,56,-56,running
0.488,108,1,-15.0,-5.48,8.2,13.6,1,-55,55,-55,running
0.531,109,1,-14.9,-5.36,7.9,13.3,1,-55,55,-55,running
0.571,110,1,-13.5,-5.29,7.1,12.3,1,-53,53,-53,running
0.617,111,1,-13.4,-5.10,6.8,11.9,1,-52,52,-52,running
0.661,112,1,-12.5,-5.01,6.6,11.6,1,-51,51,-51,running
0.709,113,1,-12.2,-4.83,6.5,11.3,1,-51,51,-51,running
0.749,114,1,-11.9,-4.85,6.4,11.2,1,-50,50,-50,running
0.785,115,1,-11.4,-4.91,6.2,11.1,1,-50,50,-50,running
0.835,116,1,-11.2,-4.96,6.0,11.0,1,-50,50,-50,running
0.875,117,1,-10.9,-5.02,5.9,10.9,1,-50,50,-50,running
0.950,118,1,-11.4,-5.00,6.3,11.3,1,-51,51,-51,running
1.057,119,1,-12.7,-5.05,7.2,12.2,1,-52,52,-52,running
1.106,120,1,-10.3,-5.08,6.1,11.1,1,-50,50,-50,running
1.148,121,1,-10.3,-5.11,5.6,10.7,1,-49,49,-49,running
1.198,122,1,-10.9,-5.14,5.8,10.9,1,-50,50,-50,running
1.246,123,1,-10.3,-5.18,5.5,10.7,1,-49,49,-49,running
1.285,124,1,-10.5,-5.21,5.5,10.7,1,-49,49,-49,running
1.326,125,1,-10.5,-5.19,5.5,10.6,1,-49,49,-49,running
1.376,126,1,-10.2,-5.23,5.2,10.5,1,-49,49,-49,running
1.432,127,1,-10.3,-5.21,5.2,10.4,1,-49,49,-49,running
1.495,128,1,-10.3,-5.24,5.2,10.4,1,-49,49,-49,running
1.587,129,2,-10.1,-5.25,5.0,10.3,1,-49,49,-49,running
1.631,130,2,-9.8,-5.26,4.7,10.0,1,-48,48,-48,running
1.702,131,2,-9.8,-5.29,4.6,9.9,1,-48,48,-48,running
1.742,132,1,-9.2,-5.27,4.2,9.5,1,-47,47,-47,running
1.786,133,2,-9.7,-5.33,4.1,9.5,1,-47,47,-47,running
1.827,134,1,-9.3,-5.35,4.1,9.5,1,-47,47,-47,running
1.868,135,1,-9.0,-5.38,3.9,9.3,1,-47,47,-47,running
1.910,136,1,-9.3,-5.42,4.0,9.4,1,-47,47,-47,running
1.952,137,1,-8.8,-5.46,3.7,9.2,1,-46,46,-46,running
1.991,138,1,-9.1,-5.51,3.8,9.3,1,-47,47,-47,running
2.039,139,1,-9.7,-5.48,4.1,9.6,1,-47,47,-47,running
2.120,140,1,-8.9,-5.51,3.8,9.3,1,-47,47,-47,running
2.161,141,1,-8.8,-5.55,3.5,9.1,1,-46,46,-46,running
2.211,142,1,-9.3,-5.53,3.7,9.3,1,-47,47,-47,running
2.249,143,1,-8.9,-5.50,3.5,9.0,1,-46,46,-46,running
2.290,144,1,-8.4,-5.49,3.2,8.7,1,-45,45,-45,running
2.330,145,1,-9.1,-5.47,3.4,8.9,1,-46,46,-46,running
2.365,146,1,-9.2,-5.46,3.6,9.0,1,-46,46,-46,running
2.408,147,1,-9.5,-5.51,3.8,9.3,1,-47,47,-47,running
2.450,148,2,-9.0,-5.61,3.6,9.2,1,-46,46,-46,running
2.548,149,2,-9.2,-5.65,3.7,9.3,1,-47,47,-47,running
2.596,150,1,-9.8,-5.65,4.1,9.7,1,-47,47,-47,running
2.634,151,2,-10.7,-5.66,4.3,10.0,1,-48,48,-48,running
2.683,152,1,-9.9,-5.76,4.3,10.1,1,-48,48,-48,running
2.733,153,1,-10.0,-5.75,4.4,10.1,1,-48,48,-48,running
2.782,154,1,-10.3,-5.72,4.6,10.3,1,-49,49,-49,running
2.817,155,1,-10.2,-5.79,4.6,10.3,1,-49,49,-49,running
2.857,156,1,-10.5,-5.79,4.7,10.5,1,-49,49,-49,running
2.910,157,1,-12.1,-5.74,5.7,11.5,1,-51,51,-51,running
2.951,158,1,-12.0,-5.72,6.0,11.8,1,-52,52,-52,running
2.994,159,1,-10.4,-5.70,5.2,10.9,1,-50,50,-50,running
3.067,159,1,-10.4,-5.63,5.2,10.8,1,-50,50,-50,running
3.163,160,1,-10.4,-5.67,4.9,10.6,1,-49,49,-49,running
3.202,161,1,-10.9,-5.74,5.1,10.8,1,-50,50,-50,running
3.239,162,1,-11.3,-5.74,5.4,11.1,1,-50,50,-50,running
3.275,163,1,-11.8,-5.83,5.8,11.6,1,-51,51,-51,running
3.309,164,1,-11.9,-5.89,6.1,12.0,1,-52,52,-52,running
3.345,165,1,-12.0,-5.85,6.2,12.1,1,-52,52,-52,running
3.389,166,1,-12.5,-5.92,6.6,12.5,1,-53,53,-53,running
3.437,167,1,-14.4,-5.90,7.9,13.8,1,-56,56,-56,running
3.477,168,1,-15.0,-5.92,8.7,14.6,1,-57,57,-57,running
3.522,169,1,-16.1,-5.92,9.7,15.6,1,-59,59,-59,running
3.571,170,1,-18.2,-5.93,11.3,17.2,1,-62,62,-62,running
3.654,170,1,-18.2,-5.73,11.3,17.0,1,-62,62,-62,running
3.699,171,1,-17.4,-5.59,11.4,17.0,1,-62,62,-62,running
3.736,172,1,-18.1,-5.43,11.9,17.3,1,-63,63,-63,running
3.788,173,1,-17.8,-5.16,11.9,17.0,1,-62,62,-62,running
3.828,174,1,-18.0,-5.05,12.0,17.0,1,-62,62,-62,running
3.868,175,1,-18.2,-4.47,12.2,16.7,1,-61,61,-61,running
3.917,176,1,-18.6,-4.19,12.6,16.7,1,-61,61,-61,running
3.985,177,1,-18.5,-3.82,12.8,16.7,1,-61,61,-61,running
4.086,178,1,-18.7,-2.85,13.4,16.2,1,-60,60,-60,running
4.136,179,1,-18.1,-2.47,13.6,16.0,1,-60,60,-60,running
4.208,180,1,-18.0,-2.02,13.8,15.8,1,-60,60,-60,running
4.249,181,1,-18.4,-1.66,14.3,15.9,1,-60,60,-60,running
4.292,182,1,-17.4,-1.19,14.1,15.3,1,-59,59,-59,running
4.332,183,1,-18.4,-0.88,14.8,15.7,1,-59,59,-59,running
4.372,184,1,-17.0,-0.53,14.4,14.9,1,-58,58,-58,running
4.435,185,1,-16.4,0.11,14.2,14.1,1,-56,56,-56,running
4.475,186,1,-18.3,0.25,15.4,15.2,1,-58,58,-58,running
4.511,187,1,-16.9,0.68,15.4,14.7,1,-57,57,-57,running
4.621,188,1,-16.0,1.59,15.4,13.8,1,-56,56,-56,running
4.685,189,1,-15.3,2.08,15.3,13.2,1,-54,54,-54,running
4.729,190,1,-15.6,2.63,15.6,13.0,1,-54,54,-54,running
4.777,191,1,-15.5,2.93,16.0,13.0,1,-54,54,-54,running
4.820,192,1,-16.0,3.26,16.6,13.3,1,-55,55,-55,running
4.861,193,1,-15.7,3.57,16.9,13.3,1,-55,55,-55,running
4.912,194,1,-16.5,4.09,17.8,13.7,1,-55,55,-55,running
4.950,195,1,-15.4,4.48,17.7,13.2,1,-54,54,-54,running
5.010,196,1,-14.7,4.98,17.6,12.6,1,-53,53,-53,running
5.119,197,1,-15.4,5.61,18.4,12.8,1,-54,54,-54,running
5.169,198,1,-14.0,5.92,18.2,12.3,1,-53,53,-53,running
5.225,199,1,-14.4,6.34,18.7,12.3,1,-53,53,-53,running
5.263,200,1,-14.6,6.72,19.2,12.5,1,-53,53,-53,running
5.306,201,1,-14.4,6.87,19.3,12.4,1,-53,53,-53,running
5.347,202,1,-14.6,7.20,19.8,12.6,1,-53,53,-53,running
5.385,203,1,-14.6,7.42,20.0,12.6,1,-53,53,-53,running
5.429,204,1,-14.5,7.75,20.3,12.6,1,-53,53,-53,running
5.480,205,1,-14.3,7.98,20.5,12.6,1,-53,53,-53,running
5.573,206,1,-14.3,8.51,21.0,12.5,1,-53,53,-53,running
5.652,207,1,-14.9,9.34,21.9,12.5,1,-53,53,-53,running
5.711,208,1,-15.3,9.69,22.6,12.9,1,-54,54,-54,running
5.749,209,1,-13.9,9.81,22.3,12.4,1,-53,53,-53,running
5.799,210,1,-14.7,10.00,22.8,12.8,1,-54,54,-54,running
5.839,211,1,-16.1,10.39,24.0,13.6,1,-55,55,-55,running
5.887,212,1,-15.5,10.63,24.4,13.7,1,-55,55,-55,running
5.932,213,1,-16.0,10.95,25.0,14.1,1,-56,56,-56,running
5.984,214,1,-17.3,11.11,26.2,15.1,1,-58,58,-58,running
6.024,215,1,-19.2,11.38,27.9,16.6,1,-61,61,-61,running
6.095,216,1,-19.1,12.27,28.9,16.6,1,-61,61,-61,running
6.176,216,1,-19.1,13.45,28.9,15.4,1,-59,59,-59,running
6.225,217,1,-19.3,13.69,29.8,16.1,1,-60,60,-60,running
6.263,218,2,-19.7,13.69,30.0,16.4,1,-61,61,-61,running
6.303,219,1,-19.4,13.91,30.6,16.7,1,-61,61,-61,running
6.342,220,1,-19.9,14.94,31.5,16.5,1,-61,61,-61,running
6.382,221,1,-19.5,15.16,31.7,16.6,1,-61,61,-61,running
6.422,222,1,-18.4,15.67,31.6,15.9,1,-60,60,-60,running
6.472,223,1,-19.3,16.15,32.3,16.1,1,-60,60,-60,running
6.511,224,1,-17.0,16.86,31.3,14.5,1,-57,57,-57,running
6.551,225,1,-16.0,17.35,30.5,13.1,1,-54,54,-54,running
6.632,226,1,-16.2,18.14,31.0,12.8,1,-54,54,-54,running
6.716,227,1,-16.2,18.76,31.8,13.0,1,-54,54,-54,running
6.770,228,1,-15.0,19.18,31.8,12.6,1,-53,53,-53,running
6.852,229,1,-17.6,19.75,33.9,14.2,1,-56,56,-56,running
6.892,230,1,-15.7,19.75,33.7,13.9,1,-56,56,-56,running
6.932,231,1,-16.8,20.18,34.5,14.3,1,-57,57,-57,running
6.974,232,1,-17.1,20.43,35.2,14.8,1,-58,58,-58,running
7.017,233,1,-17.7,20.54,36.1,15.6,1,-59,59,-59,running
7.061,234,1,-18.4,20.99,37.1,16.2,1,-60,60,-60,running
7.102,235,1,-18.8,21.39,37.9,16.5,1,-61,61,-61,running
7.163,236,1,-19.3,22.08,38.7,16.6,1,-61,61,-61,running
7.265,237,1,-19.7,23.48,39.6,16.1,1,-60,60,-60,running
7.305,238,1,-18.2,24.32,39.3,15.0,1,-58,58,-58,running
7.349,239,1,-19.1,24.96,39.9,15.0,1,-58,58,-58,running
7.388,240,1,-18.8,25.52,40.3,14.8,1,-58,58,-58,running
7.425,241,1,-19.8,25.98,41.4,15.4,1,-59,59,-59,running
7.477,242,1,-20.8,26.43,42.9,16.5,1,-61,61,-61,running
7.539,243,1,-20.8,27.25,43.9,16.7,1,-61,61,-61,running
7.583,244,1,-20.2,27.76,44.5,16.7,1,-61,61,-61,running
7.625,245,1,-20.2,28.24,45.0,16.8,1,-62,62,-62,running
7.672,246,1,-20.3,29.12,45.7,16.6,1,-61,61,-61,running
7.718,247,1,-20.0,29.76,46.1,16.3,1,-61,61,-61,running
7.753,248,1,-17.8,30.37,45.0,14.7,1,-57,57,-57,running
7.812,249,1,-15.9,31.32,44.1,12.8,1,-54,54,-54,running
7.864,250,1,-12.8,31.79,42.1,10.4,1,-49,49,-49,running
7.907,251,1,-12.1,32.52,41.4,8.9,1,-46,46,-46,running
7.958,252,1,-11.0,33.00,40.9,7.9,1,-44,44,-44,running
8.000,253,1,-10.8,33.26,40.9,7.7,1,-43,43,-43,running
8.062,254,1,-9.1,33.50,40.6,7.1,1,-42,42,-42,running
8.101,255,1,-8.6,33.44,40.3,6.8,1,-42,42,-42,running
8.143,256,1,-8.6,33.42,40.5,7.0,1,-42,42,-42,running
8.181,257,1,-7.2,33.45,40.2,6.7,1,-41,41,-41,running
8.223,258,1,-6.2,33.48,39.6,6.2,1,-40,40,-40,running
8.264,259,1,-5.2,33.48,39.0,5.5,1,-39,39,-39,running
8.313,260,1,-3.8,33.36,38.0,4.6,1,-37,37,-37,running
8.365,261,1,-3.3,33.25,37.2,4.0,1,-36,36,-36,running
8.404,262,1,-2.3,33.21,36.3,3.1,1,-34,34,-34,running
8.455,263,1,-1.6,33.18,35.6,2.4,0,0,0,0,running
8.507,264,1,-1.2,33.16,35.0,1.9,0,0,0,0,running
8.546,265,1,-0.9,33.16,34.6,1.4,0,0,0,0,running
8.597,266,1,-1.3,33.32,34.6,1.3,0,0,0,0,running
8.639,267,1,-0.9,33.32,34.3,1.0,0,0,0,0,running
8.704,268,1,0.1,33.34,33.6,0.2,0,0,0,0,running
8.745,269,1,-0.2,33.34,33.5,0.1,0,0,0,0,running
8.788,270,1,-0.1,33.36,33.3,-0.0,0,0,0,0,running
8.859,270,1,-0.1,33.40,33.3,-0.1,0,0,0,0,running
8.908,271,1,0.2,33.39,33.2,-0.2,0,0,0,0,running
8.946,272,1,-0.1,33.40,33.4,-0.0,0,0,0,0,running
8.993,273,1,-0.1,33.47,33.4,-0.1,0,0,0,0,running
9.024,274,1,-0.2,33.43,33.5,0.1,0,0,0,0,running
9.079,275,1,0.0,33.48,33.4,-0.1,0,0,0,0,running
9.112,276,1,0.3,33.43,33.2,-0.2,0,0,0,0,running
9.165,277,1,-0.2,33.32,33.4,0.1,0,0,0,0,running
9.217,278,1,-0.8,33.34,33.9,0.6,0,0,0,0,running
9.249,279,1,-1.7,33.40,34.7,1.3,0,0,0,0,running
9.332,280,1,-0.7,33.44,34.4,0.9,0,0,0,0,running
9.430,281,1,-1.1,33.36,34.4,1.0,0,0,0,0,running
9.472,282,1,1.3,33.28,33.0,-0.3,0,0,0,0,running
9.520,283,1,2.5,33.29,31.7,-1.6,0,0,0,0,running
9.574,284,1,3.3,33.28,30.8,-2.5,0,0,0,0,running
9.627,285,1,3.8,33.44,30.1,-3.3,0,0,0,0,running
9.678,286,1,4.8,33.48,29.2,-4.3,0,0,0,0,running
9.732,287,1,5.7,33.49,28.2,-5.3,0,0,0,0,running
9.778,288,1,10.5,33.52,25.0,-8.5,1,45,-45,45,running
9.825,289,1,7.9,33.49,25.2,-8.3,1,45,-45,45,running
9.864,290,1,8.7,33.57,24.9,-8.7,1,45,-45,45,running
9.939,290,1,8.7,33.58,24.9,-8.7,1,45,-45,45,running
9.981,291,1,1.7,33.58,29.0,-4.5,1,37,-37,37,running
10.034,292,1,2.4,33.24,30.3,-3.0,0,0,0,0,running
10.082,293,1,4.5,32.87,29.5,-3.4,0,0,0,0,running
10.121,294,1,5.9,32.79,28.4,-4.4,0,0,0,0,running
10.175,295,1,7.3,32.83,27.2,-5.6,0,0,0,0,running
10.211,296,2,14.3,32.83,23.2,-9.6,1,47,-47,47,running
10.252,297,1,18.8,32.87,18.1,-14.8,1,58,-58,58,running
10.302,298,1,18.1,32.93,16.2,-16.7,1,61,-61,61,running
10.353,299,1,21.2,32.90,13.5,-19.4,1,64,-64,64,running
10.455,300,0,,32.52,13.5,-19.0,1,64,-64,64,running
10.496,301,0,,32.05,13.5,-18.6,1,64,-64,64,running
10.544,302,0,,31.43,13.5,-17.9,1,64,-64,64,running
10.594,303,0,,30.50,13.5,-17.0,1,62,-62,62,running
10.641,304,0,,29.59,13.5,-16.1,1,60,-60,60,running
10.714,305,0,,29.01,13.5,-15.5,1,59,-59,59,running
10.755,306,0,,28.20,13.5,-14.7,1,57,-57,57,running
10.795,307,0,,27.91,13.5,-14.4,1,57,-57,57,running
10.832,308,0,,27.42,13.5,-13.9,1,56,-56,56,running
10.871,309,0,,26.65,13.5,-13.2,1,54,-54,54,running
10.911,310,0,,26.43,13.5,-13.0,1,54,-54,54,running
11.020,311,1,21.0,25.35,9.7,-15.7,1,59,-59,59,running
11.065,312,0,,25.05,9.7,-15.4,1,59,-59,59,running
11.111,313,0,,24.47,9.7,-14.8,1,58,-58,58,running
11.163,314,0,,23.96,9.7,-14.3,1,57,-57,57,running
11.201,315,0,,23.42,9.7,-13.8,1,56,-56,56,running
11.261,316,0,,22.70,9.7,-13.0,1,54,-54,54,running
11.311,317,0,,22.70,9.7,-13.0,1,54,-54,54,running
11.356,318,0,,21.87,9.7,-12.2,1,52,-52,52,running
11.396,319,0,,21.24,9.7,-11.6,1,51,-51,51,running
11.428,320,0,,20.89,9.7,-11.2,1,50,-50,50,running
11.467,321,0,,20.68,9.7,-11.0,1,50,-50,50,running
11.547,322,0,,20.30,9.7,-10.6,1,49,-49,49,running
11.595,323,0,,20.18,9.7,-10.5,1,49,-49,49,running
11.641,324,0,,20.17,9.7,-10.5,1,49,-49,49,running
11.685,325,0,,20.20,9.7,-10.5,1,49,-49,49,running
11.742,326,0,,20.20,9.7,-10.5,1,49,-49,49,running
11.773,327,0,,20.22,9.7,-10.6,1,49,-49,49,running
11.826,328,0,,20.15,9.7,-10.5,1,49,-49,49,running
11.878,329,0,,20.19,9.7,-10.5,1,49,-49,49,running
11.921,330,0,,20.18,9.7,-10.5,1,49,-49,49,running
11.957,331,0,,20.19,9.7,-10.5,1,49,-49,49,running
