time_s,frame,found,n_bands,e_near_in,phi_deg,spin,f,t,left_raw,right_raw,status,s_in,nudge
0.018,1,1,8,-1.16,-5.1,0,58,-32,-26,-90,running,0.00,0
0.046,2,1,8,-1.16,-5.1,0,58,-32,-26,-90,running,0.00,0
0.085,3,1,8,-1.16,-5.1,0,58,-32,-26,-90,running,0.00,0
0.124,4,1,8,-1.16,-5.1,0,58,-32,-26,-90,running,0.00,0
0.163,5,1,8,-1.16,-5.1,0,58,-32,-26,-90,running,0.00,0
0.223,6,1,8,-1.16,-5.1,0,58,-32,-26,-90,running,0.00,0
0.262,7,1,8,-1.16,-5.1,0,58,-32,-26,-90,running,0.00,0
0.312,8,1,8,-1.16,-5.1,0,58,-32,-26,-90,running,0.00,0
0.362,9,1,8,-1.16,-5.1,0,58,-32,-26,-90,running,0.00,0
0.462,10,1,8,-1.17,-5.1,0,58,-32,-26,-90,running,0.00,0
0.502,11,1,8,-1.17,-5.1,0,58,-32,-26,-90,running,0.09,0
0.562,12,1,8,-1.17,-5.1,0,58,-32,-26,-90,running,0.27,0
0.610,13,1,8,-1.17,-5.1,0,58,-32,-26,-90,running,0.58,0
0.661,14,1,8,-1.17,-5.1,0,58,-32,-26,-90,running,0.68,0
0.699,15,1,8,-1.15,-4.9,0,58,-32,-26,-90,running,0.92,0
0.748,16,1,8,-1.09,-4.6,0,58,-32,-26,-90,running,1.34,0
0.787,17,1,8,-1.02,-4.2,0,58,-29,-29,-87,running,1.81,0
0.836,18,1,8,-0.97,-3.7,0,58,-26,-32,-84,running,1.98,0
0.896,19,1,7,-0.88,-3.2,0,58,-23,-35,-81,running,2.61,0
0.995,20,1,6,-0.71,-1.9,0,58,-13,-45,-71,running,3.39,0
1.034,21,1,5,-0.43,0.3,0,58,2,-60,-56,running,3.56,0
1.073,22,1,5,-0.28,1.6,0,58,11,-69,-47,running,3.90,0
1.132,23,1,5,-0.18,2.3,0,58,16,-74,-42,running,4.43,0
1.181,24,1,5,-0.11,2.8,0,58,19,-77,-39,running,4.76,0
1.221,25,1,5,-0.06,3.1,0,58,22,-80,-36,running,5.23,0
1.270,26,1,5,-0.01,3.5,0,58,24,-82,-34,running,5.64,0
1.319,27,1,5,0.01,3.7,0,58,26,-84,-32,running,5.91,0
1.368,28,1,5,0.04,3.8,0,58,27,-85,-31,running,6.18,0
1.417,29,1,5,0.05,4.0,0,58,28,-86,-30,running,6.48,0
1.456,30,1,5,0.08,4.1,0,58,29,-87,-29,running,6.96,0
1.505,31,1,6,0.11,4.4,0,58,31,-89,-27,running,7.29,0
1.564,32,1,6,0.12,4.5,0,58,31,-89,-27,running,7.84,0
1.603,33,1,6,0.12,4.6,0,58,32,-90,-26,running,8.01,0
1.703,35,1,6,0.13,4.7,0,58,32,-90,-26,running,8.99,0
1.781,36,1,6,0.16,4.8,0,58,32,-90,-26,running,9.69,0
1.810,37,1,6,0.19,5.0,0,58,32,-90,-26,running,9.69,0
1.850,38,1,6,0.23,5.1,0,58,32,-90,-26,running,10.40,0
1.888,39,1,6,0.26,5.3,0,58,32,-90,-26,running,10.77,0
1.939,40,1,7,0.34,5.5,0,58,32,-90,-26,running,11.16,0
1.999,41,1,6,0.38,5.6,0,58,32,-90,-26,running,11.92,0
2.097,42,1,8,0.49,5.7,0,58,32,-90,-26,running,12.84,0
2.126,43,1,7,0.59,5.6,0,58,32,-90,-26,running,13.23,0
2.175,44,1,8,0.6,5.8,0,58,32,-90,-26,running,13.62,0
2.224,45,1,8,0.63,5.7,0,58,32,-90,-26,running,14.00,0
2.273,46,1,7,0.64,5.7,0,58,32,-90,-26,running,14.39,0
2.333,47,1,8,0.65,5.6,0,58,32,-90,-26,running,15.07,0
2.381,48,1,7,0.65,5.5,0,58,32,-90,-26,running,15.39,0
2.418,49,1,8,0.68,5.5,0,58,32,-90,-26,running,15.73,0
2.467,50,1,8,0.69,5.5,0,58,32,-90,-26,running,16.10,0
2.516,51,1,8,0.68,5.4,0,58,32,-90,-26,running,16.49,0
2.616,52,1,8,0.71,5.0,0,58,32,-90,-26,running,17.46,0
2.664,53,1,8,0.73,4.8,0,58,32,-90,-26,running,18.02,0
2.713,54,1,8,0.75,4.6,0,58,32,-90,-26,running,18.39,0
2.752,55,1,7,0.75,4.5,0,58,31,-89,-27,running,18.77,0
2.801,56,1,7,0.74,4.3,0,58,30,-88,-28,running,19.17,0
2.850,57,1,7,0.74,4.1,0,58,29,-87,-29,running,19.93,0
2.889,58,1,7,0.73,4.0,0,58,28,-86,-30,running,20.30,0
2.938,59,1,6,0.73,3.8,0,58,27,-85,-31,running,20.47,0
2.987,60,1,6,0.71,3.6,0,58,25,-83,-33,running,21.15,0
3.037,61,1,7,0.71,3.5,0,58,24,-82,-34,running,21.50,0
3.115,62,1,8,0.7,3.1,0,58,22,-80,-36,running,22.25,0
3.184,63,1,8,0.68,2.5,0,58,18,-76,-40,running,22.84,0
3.234,64,1,8,0.64,2.1,0,58,15,-73,-43,running,23.03,0
3.283,65,1,7,0.64,1.9,0,58,13,-71,-45,running,23.78,0
3.332,66,1,8,0.61,1.8,0,58,12,-70,-46,running,24.14,0
3.382,67,1,7,0.58,1.6,0,58,11,-69,-47,running,24.50,0
3.430,68,1,8,0.57,1.6,0,58,11,-69,-47,running,25.21,0
3.479,69,1,7,0.55,1.5,0,58,10,-68,-48,running,25.52,0
3.528,70,1,7,0.54,1.4,0,58,10,-68,-48,running,25.83,0
3.557,71,1,8,0.53,1.5,0,58,10,-68,-48,running,25.97,0
3.626,72,1,8,0.52,1.4,0,58,10,-68,-48,running,26.66,0
3.726,73,1,8,0.5,1.3,0,58,9,-67,-49,running,27.16,0
3.764,74,1,8,0.49,1.2,0,58,9,-67,-49,running,27.29,0
3.813,75,1,8,0.49,1.1,0,58,8,-66,-50,running,27.82,0
3.872,76,1,8,0.48,1.0,0,58,7,-65,-51,running,28.10,0
3.921,77,1,8,0.49,0.8,0,58,6,-64,-52,running,28.51,0
3.970,78,1,8,0.49,0.6,0,58,4,-62,-54,running,28.79,0
4.009,79,1,8,0.48,0.4,0,58,3,-61,-55,running,29.07,0
4.058,80,1,8,0.48,0.1,0,58,0,-58,-58,running,29.48,0
4.107,81,1,8,0.51,-0.2,0,58,0,-58,-58,running,29.72,0
4.166,82,1,8,0.53,-0.4,0,58,-3,-55,-61,running,30.08,0
4.275,83,1,8,0.59,-1.0,0,58,-7,-51,-65,running,30.69,0
4.314,84,1,7,0.63,-1.6,0,58,-11,-47,-69,running,31.07,0
4.384,85,1,7,0.66,-2.0,0,58,-14,-44,-72,running,31.33,0
4.413,86,1,7,0.66,-2.4,0,58,-17,-41,-75,running,31.62,0
4.461,87,1,7,0.66,-2.7,0,58,-19,-39,-77,running,31.90,0
4.500,88,1,7,0.68,-3.0,0,58,-21,-37,-79,running,32.18,0
4.549,89,1,7,0.68,-3.2,0,58,-23,-35,-81,running,32.83,0
4.589,90,1,7,0.68,-3.6,0,58,-25,-33,-83,running,33.17,0
4.639,91,1,7,0.67,-4.2,0,58,-29,-29,-87,running,33.52,0
4.678,92,1,7,0.68,-4.7,0,58,-32,-26,-90,running,33.69,0
4.717,93,1,6,,,0,50,-40,-10,-90,running,34.02,1
4.816,94,1,6,,,0,50,-40,-10,-90,running,34.80,1
4.855,95,1,5,,,0,50,-40,-10,-90,running,35.05,1
4.902,96,1,5,,,0,50,-40,-10,-90,running,35.38,1
4.951,97,1,5,,,0,50,-40,-10,-90,running,35.71,1
4.990,98,1,6,,,0,50,-40,-10,-90,running,35.93,1
5.028,99,1,5,,,0,50,-40,-10,-90,running,36.04,1
5.078,100,1,5,,,0,50,-40,-10,-90,running,36.27,1
5.117,101,1,4,,,0,50,-40,-10,-90,running,36.61,1
5.166,102,1,4,,,0,50,-40,-10,-90,running,36.82,1
5.213,103,1,4,,,0,50,-40,-10,-90,running,37.06,1
5.252,104,1,4,,,0,50,-40,-10,-90,running,37.39,1
5.341,105,1,4,,,0,50,-40,-10,-90,running,37.75,1
5.380,106,1,5,,,0,50,-40,-10,-90,running,38.00,1
5.419,107,1,5,,,0,50,-40,-10,-90,running,38.34,1
5.478,108,1,5,,,0,50,-40,-10,-90,running,38.58,1
5.517,109,1,5,0.4,-10.5,0,56,-34,-21,-90,running,38.71,0
5.566,110,1,5,0.3,-13.2,0,53,-37,-16,-90,running,39.16,0
5.604,111,1,5,0.26,-14.7,0,51,-39,-13,-90,running,39.16,0
5.653,112,1,5,0.25,-15.6,0,50,-40,-11,-90,running,39.81,0
5.692,113,1,5,0.23,-16.7,1,0,-64,64,-64,running,39.93,0
5.771,114,1,5,0.23,-17.3,1,0,-64,64,-64,running,40.48,0
5.880,115,1,4,-0.06,-15.0,1,0,-64,64,-64,running,40.81,0
5.919,116,1,3,-0.75,-15.4,1,0,-64,64,-64,running,40.86,0
5.958,117,1,4,-0.72,-14.4,1,0,-64,64,-64,running,40.95,0
6.007,118,1,4,-0.78,-13.9,1,0,-64,64,-64,running,41.00,0
6.056,119,1,3,-0.86,-12.8,1,0,-64,64,-64,running,41.00,0
6.105,120,1,4,-0.96,-12.5,1,0,-63,63,-63,running,41.01,0
6.153,121,1,4,-1.05,-12.5,1,0,-63,63,-63,running,41.02,0
6.192,122,1,4,-1.1,-12.4,1,0,-63,63,-63,running,41.03,0
6.241,123,1,4,-1.04,-13.0,1,0,-64,64,-64,running,41.04,0
6.310,124,1,4,-1.02,-13.0,1,0,-64,64,-64,running,41.06,0
6.349,125,1,5,-0.63,-16.1,1,0,-64,64,-64,running,41.07,0
6.397,126,1,5,-0.55,-16.2,1,0,-64,64,-64,running,41.06,0
6.446,127,1,5,-0.61,-14.5,1,0,-64,64,-64,running,41.06,0
6.495,128,1,5,-0.64,-13.2,1,0,-64,64,-64,running,41.04,0
6.544,129,1,5,-0.67,-12.1,1,0,-62,62,-62,running,41.03,0
6.593,130,1,5,-0.69,-11.5,1,0,-60,60,-60,running,40.99,0
6.632,131,1,4,-0.68,-10.7,1,0,-58,58,-58,running,40.97,0
6.681,132,1,5,-0.54,-11.4,1,0,-60,60,-60,running,40.95,0
6.720,133,1,5,-0.47,-11.4,1,0,-60,60,-60,running,40.93,0
6.759,134,1,6,-0.21,-12.4,1,0,-63,63,-63,running,40.91,0
6.838,135,1,6,-0.17,-12.0,1,0,-62,62,-62,running,40.90,0
6.970,136,1,6,-0.19,-10.6,1,0,-58,58,-58,running,40.87,0
7.009,137,1,5,-0.19,-9.5,1,0,-55,55,-55,running,40.85,0
7.048,138,1,6,-0.14,-9.0,1,0,-53,53,-53,running,40.85,0
7.097,139,1,6,-0.11,-8.5,1,0,-52,52,-52,running,40.86,0
7.146,140,1,6,-0.07,-8.1,1,0,-51,51,-51,running,40.86,0
7.196,141,1,6,-0.02,-7.8,1,0,-50,50,-50,running,40.86,0
7.225,142,1,7,0.2,-8.1,1,0,-51,51,-51,running,40.87,0
7.325,143,1,7,0.26,-7.8,1,0,-50,50,-50,running,40.86,0
7.374,144,1,7,0.26,-7.0,1,0,-48,48,-48,running,40.84,0
7.423,145,1,7,0.26,-6.6,0,58,-32,-26,-90,running,40.83,0
7.472,146,1,7,0.26,-6.4,0,58,-32,-26,-90,running,40.83,0
7.510,147,1,6,0.23,-6.1,0,58,-32,-26,-90,running,40.82,0
7.569,148,1,6,0.22,-5.8,0,58,-32,-26,-90,running,40.85,0
7.608,149,1,6,0.22,-5.8,0,58,-32,-26,-90,running,40.90,0
7.657,150,1,6,0.23,-5.8,0,58,-32,-26,-90,running,40.92,0
7.707,151,1,6,0.22,-5.6,0,58,-32,-26,-90,running,41.02,0
7.756,152,1,6,0.23,-5.7,0,58,-32,-26,-90,running,41.15,0
7.805,153,1,6,0.23,-5.8,0,58,-32,-26,-90,running,41.32,0
7.948,154,1,7,0.28,-6.0,0,58,-32,-26,-90,running,41.73,0
7.976,155,1,7,0.32,-6.3,0,58,-32,-26,-90,running,41.91,0
8.005,156,1,7,0.37,-6.6,0,58,-32,-26,-90,running,42.00,0
8.043,157,1,7,0.4,-6.9,0,58,-32,-26,-90,running,42.17,0
8.092,158,1,7,0.43,-7.0,0,58,-32,-26,-90,running,42.42,0
8.141,159,1,7,0.46,-7.2,0,58,-32,-26,-90,running,42.69,0
8.180,160,1,7,0.48,-7.4,0,58,-32,-26,-90,running,42.87,0
8.229,161,1,7,0.52,-7.8,0,58,-32,-26,-90,running,43.16,0
8.299,162,1,6,0.4,-7.3,0,58,-32,-26,-90,running,43.35,0
8.470,163,1,6,,,0,50,-40,-10,-90,running,44.31,1
8.500,164,1,6,,,0,50,-40,-10,-90,running,44.40,1
8.529,165,1,6,,,0,50,-40,-10,-90,running,44.60,1
8.568,166,1,6,,,0,50,-40,-10,-90,running,44.70,1
8.618,167,1,5,,,0,50,-40,-10,-90,running,45.00,1
8.666,168,1,6,,,0,50,-40,-10,-90,running,45.20,1
8.705,169,1,6,,,0,50,-40,-10,-90,running,45.40,1
8.744,170,1,6,,,0,50,-40,-10,-90,running,45.61,1
8.793,171,1,6,,,0,50,-40,-10,-90,running,45.71,1
8.872,172,1,6,,,0,50,-40,-10,-90,running,46.20,1
8.921,173,1,5,,,0,50,-40,-10,-90,running,46.40,1
8.970,174,1,5,,,0,50,-40,-10,-90,running,46.71,1
9.019,175,1,5,,,0,50,-40,-10,-90,running,46.93,1
9.059,176,1,5,,,0,50,-40,-10,-90,running,47.25,1
9.118,177,1,5,0.24,-9.6,0,56,-34,-23,-90,running,47.58,0
9.167,178,1,5,0.15,-10.3,0,56,-34,-21,-90,running,47.69,0
9.226,179,1,5,0.1,-10.7,0,55,-35,-21,-90,running,47.69,0
9.255,180,1,4,0.01,-9.4,0,57,-33,-23,-90,running,48.19,0
9.304,181,1,4,-0.01,-9.3,0,57,-33,-23,-90,running,48.47,0
9.341,182,1,3,-0.1,-7.5,0,58,-32,-26,-90,running,48.67,0
9.410,183,1,3,-0.15,-6.9,0,58,-32,-26,-90,running,49.11,0
9.530,184,1,4,-0.21,-9.4,0,57,-33,-23,-90,running,49.65,0
9.579,185,1,2,-0.33,-7.2,0,58,-32,-26,-90,running,49.96,0
9.648,186,1,2,-0.39,-6.5,0,58,-32,-26,-90,running,50.29,0
9.677,187,1,3,-0.3,-11.6,0,54,-36,-19,-90,running,50.51,0
9.716,188,1,3,-0.39,-11.4,0,55,-35,-19,-90,running,50.51,0
9.775,189,1,3,-0.65,-10.7,0,55,-35,-21,-90,running,50.92,0
9.814,190,1,4,-0.73,-13.3,0,53,-37,-15,-90,running,51.09,0
9.883,191,1,2,-0.87,-11.2,0,55,-35,-20,-90,running,51.27,0
9.912,192,1,3,-1.08,-11.9,0,54,-36,-18,-90,running,51.27,0
9.981,193,1,3,-1.28,-12.4,0,54,-36,-17,-90,running,51.97,0
10.020,194,1,2,-1.35,-11.8,0,54,-36,-18,-90,running,52.07,0
10.058,195,1,2,-1.46,-11.6,0,54,-36,-19,-90,running,52.39,0
10.107,196,1,3,-1.5,-12.9,0,53,-37,-16,-90,running,52.49,0
10.147,197,1,3,-1.67,-13.5,0,53,-37,-15,-90,running,52.81,0
10.195,198,1,3,-1.64,-14.4,0,52,-38,-13,-90,running,53.12,0
10.235,199,1,3,-1.73,-15.2,0,51,-39,-12,-90,running,53.22,0
10.275,200,1,3,-1.72,-16.1,1,0,-64,64,-64,running,53.43,0
10.312,201,1,3,-1.89,-17.2,1,0,-64,64,-64,running,53.64,0
10.402,202,1,3,-2.01,-18.1,1,0,-64,64,-64,running,54.09,0
10.441,203,1,3,-2.35,-20.0,1,0,-64,64,-64,running,54.09,0
10.490,204,1,3,-2.54,-20.9,1,0,-64,64,-64,running,54.34,0
10.529,205,1,3,-2.56,-21.8,1,0,-64,64,-64,running,54.44,0
10.568,206,1,3,-2.51,-22.9,1,0,-64,64,-64,running,54.51,0
10.619,207,1,3,-2.5,-24.8,1,0,-64,64,-64,running,54.57,0
10.658,208,1,3,-2.46,-26.3,1,0,-64,64,-64,running,54.68,0
10.717,209,1,3,-2.37,-27.9,1,0,-64,64,-64,running,54.78,0
10.756,210,1,2,-2.52,-22.6,1,0,-64,64,-64,running,54.81,0
10.795,211,0,1,,,0,,,64,-64,running,54.81,0
10.865,212,0,1,,,0,,,64,-64,running,54.83,0
10.987,213,1,2,-1.84,-20.1,1,0,-64,64,-64,running,54.75,0
11.056,214,1,2,-2.47,-22.6,1,0,-64,64,-64,running,54.73,0
11.085,215,1,3,-2.64,-20.3,1,0,-64,64,-64,running,54.71,0
11.135,216,1,3,-2.7,-18.0,1,0,-64,64,-64,running,54.69,0
11.164,217,1,3,-2.72,-16.4,1,0,-64,64,-64,running,54.68,0
11.213,218,1,3,-2.44,-21.2,1,0,-64,64,-64,running,54.69,0
11.252,219,1,4,-1.93,-21.2,1,0,-64,64,-64,running,54.68,0
11.302,220,1,4,-2.12,-18.0,1,0,-64,64,-64,running,54.68,0
11.381,221,1,4,-2.15,-15.8,1,0,-64,64,-64,running,54.66,0
11.480,222,1,5,-1.96,-14.5,1,0,-64,64,-64,running,54.62,0
11.518,223,1,6,-1.81,-13.6,1,0,-64,64,-64,running,54.58,0
11.567,224,1,7,-1.72,-12.7,1,0,-64,64,-64,running,54.56,0
11.616,225,1,7,-1.68,-12.0,1,0,-62,62,-62,running,54.54,0
11.665,226,1,7,-1.59,-12.1,1,0,-62,62,-62,running,54.54,0
11.704,227,1,8,-1.53,-11.9,1,0,-61,61,-61,running,54.53,0
11.753,228,1,8,-1.47,-11.5,1,0,-60,60,-60,running,54.53,0
11.792,229,1,8,-1.4,-10.9,1,0,-58,58,-58,running,54.53,0
11.841,230,1,8,-1.34,-10.4,1,0,-57,57,-57,running,54.54,0
11.890,231,1,8,-1.28,-9.7,1,0,-55,55,-55,running,54.54,0
11.929,232,1,8,-1.16,-8.8,1,0,-53,53,-53,running,54.55,0
11.968,233,1,8,-1.08,-8.2,1,0,-51,51,-51,running,54.55,0
12.048,234,1,8,-0.98,-7.5,1,0,-49,49,-49,running,54.57,0
12.077,235,1,8,-0.94,-7.0,1,0,-48,48,-48,running,54.58,0
12.106,236,1,8,-0.91,-6.7,0,58,-32,-26,-90,running,54.59,0
12.155,237,1,8,,,0,50,-40,-10,-90,running,54.59,1
12.204,238,1,8,,,0,50,-40,-10,-90,running,54.59,1
12.253,239,1,8,,,0,50,-40,-10,-90,running,54.63,1
12.313,240,1,8,,,0,50,-40,-10,-90,running,54.75,1
12.341,241,1,8,,,0,50,-40,-10,-90,running,54.88,1
12.400,242,1,8,,,0,50,-40,-10,-90,running,55.04,1
12.510,243,1,8,-0.85,-5.8,0,58,-32,-26,-90,running,55.48,0
12.548,244,1,8,-0.69,-4.7,0,58,-32,-26,-90,running,55.77,0
12.598,245,1,8,-0.57,-3.9,0,58,-27,-31,-85,running,55.98,0
12.647,246,1,8,-0.48,-3.2,0,58,-22,-36,-80,running,56.09,0
12.686,247,1,8,-0.4,-2.6,0,58,-18,-40,-76,running,56.52,0
12.725,248,1,8,-0.36,-2.1,0,58,-15,-43,-73,running,56.72,0
12.774,249,1,8,-0.3,-1.6,0,58,-11,-47,-69,running,56.95,0
12.823,250,1,8,-0.25,-1.2,0,58,-8,-50,-66,running,57.22,0
12.862,251,1,8,-0.16,-0.4,0,58,-3,-55,-61,running,57.49,0
12.941,252,1,8,-0.11,0.1,0,58,0,-58,-58,running,57.91,0
13.051,253,1,8,-0.01,0.9,0,58,6,-64,-52,running,59.09,0
13.100,254,1,8,0.06,1.4,0,58,10,-68,-48,running,59.23,0
13.139,255,1,8,0.1,1.6,0,58,11,-69,-47,running,59.51,0
13.188,256,1,8,0.12,1.7,0,58,12,-70,-46,running,59.77,0
13.227,257,1,8,0.14,1.8,0,58,13,-71,-45,running,60.14,0
13.276,258,1,8,0.15,1.9,0,58,13,-71,-45,running,60.37,0
13.325,259,1,8,0.17,2.0,0,58,14,-72,-44,running,60.75,0
13.364,260,1,8,0.19,2.1,0,58,15,-73,-43,running,61.00,0
13.403,261,1,8,0.2,2.2,0,58,15,-73,-43,running,61.29,0
13.452,262,1,8,0.22,2.2,0,58,16,-74,-42,running,61.74,0
13.492,263,1,8,0.22,2.2,0,58,15,-73,-43,running,61.89,0
13.572,264,1,8,0.2,2.1,0,58,15,-73,-43,running,62.39,0
13.611,265,1,8,0.2,2.0,0,58,14,-72,-44,running,62.91,0
13.661,266,1,8,0.21,2.1,0,58,14,-72,-44,running,63.43,0
13.700,267,1,8,0.24,2.1,0,58,15,-73,-43,running,63.76,0
13.749,268,1,8,0.25,2.2,0,58,15,-73,-43,running,64.24,0
13.789,269,1,8,0.27,2.3,0,58,16,-74,-42,running,64.40,0
13.837,270,1,8,0.3,2.4,0,58,17,-75,-41,running,64.90,0
13.887,271,1,8,0.31,2.6,0,58,18,-76,-40,running,65.24,0
13.937,272,1,8,0.35,2.7,0,58,19,-77,-39,running,65.58,0
13.976,273,1,8,0.38,2.9,0,58,20,-78,-38,running,66.10,0
14.015,274,1,8,0.4,3.0,0,58,21,-79,-37,running,66.27,0
14.065,275,1,8,0.44,3.1,0,58,22,-80,-36,running,66.63,0
14.187,277,1,8,0.5,3.3,0,58,23,-81,-35,running,67.63,0
14.236,278,1,8,0.52,3.5,0,58,24,-82,-34,running,68.33,0
14.285,279,1,8,0.52,3.6,0,58,25,-83,-33,running,68.50,0
14.335,280,1,8,0.55,3.8,0,58,26,-84,-32,running,69.07,0
14.374,281,1,7,0.51,4.1,0,58,29,-87,-29,running,69.45,0
14.413,282,1,8,0.52,4.3,0,58,30,-88,-28,running,69.85,0
14.463,283,1,8,0.48,4.8,0,58,32,-90,-26,running,70.24,0
14.502,284,1,7,0.47,5.2,0,58,32,-90,-26,running,70.60,0
14.551,285,1,7,0.43,5.8,0,58,32,-90,-26,running,71.09,0
14.600,286,1,6,0.28,7.6,0,58,32,-90,-26,running,71.41,0
14.670,287,1,6,0.22,8.6,0,57,33,-90,-25,running,72.05,0
14.729,288,1,5,0.27,9.3,0,57,33,-90,-23,running,72.56,0
14.778,289,1,5,0.22,10.6,0,55,35,-90,-21,running,73.06,0
14.807,290,1,5,0.2,11.4,0,55,35,-90,-19,running,73.21,0
14.866,291,1,5,0.14,12.6,0,53,37,-90,-17,running,73.66,0
14.905,292,1,5,0.2,12.9,0,53,37,-90,-16,running,73.66,0
14.944,293,1,5,0.15,14.8,0,51,39,-90,-12,running,73.66,0
14.983,294,1,4,0.29,13.1,0,53,37,-90,-16,running,74.35,0
15.032,295,1,4,0.39,13.5,0,53,37,-90,-15,running,74.57,0
15.101,296,1,4,0.45,13.9,0,52,38,-90,-14,running,74.98,0
15.210,297,1,4,,,0,50,40,-90,-10,running,75.31,1
15.259,298,1,4,,,0,50,40,-90,-10,running,75.39,1
15.308,299,1,3,,,0,50,40,-90,-10,running,75.41,1
15.347,300,1,3,,,0,50,40,-90,-10,running,75.42,1
15.396,301,1,3,,,0,50,40,-90,-10,running,75.42,1
15.446,302,1,3,,,0,50,40,-90,-10,running,75.55,1
15.495,303,1,3,,,0,50,40,-90,-10,running,75.88,1
15.534,304,1,3,,,0,50,40,-90,-10,running,75.95,1
15.603,305,1,3,,,0,50,40,-90,-10,running,76.34,1
15.703,306,1,3,,,0,50,40,-90,-10,running,76.77,1
15.752,307,1,4,,,0,50,40,-90,-10,running,77.13,1
15.791,308,1,4,,,0,50,40,-90,-10,running,77.36,1
15.840,309,1,4,0.96,14.8,0,51,39,-90,-12,running,77.64,0
15.890,310,1,4,1.2,14.8,0,51,39,-90,-12,running,77.85,0
15.939,311,1,4,1.32,14.5,0,52,38,-90,-13,running,78.20,0
15.978,312,1,4,1.41,14.2,0,52,38,-90,-14,running,78.45,0
16.027,313,1,4,1.46,13.9,0,52,38,-90,-14,running,78.57,0
16.066,314,1,4,1.54,13.5,0,52,38,-90,-15,running,78.94,0
16.126,315,1,4,1.57,13.4,0,53,37,-90,-15,running,79.27,0
16.154,316,1,4,1.54,14.5,0,51,39,-90,-13,running,79.49,0
16.276,317,1,5,1.47,15.9,0,50,40,-90,-10,running,80.06,0
16.326,318,1,5,1.62,14.5,0,51,39,-90,-13,running,80.55,0
16.365,319,1,6,1.46,15.4,0,51,39,-90,-11,running,80.55,0
16.414,320,1,6,1.47,15.5,0,50,40,-90,-11,running,80.98,0
16.463,321,1,6,1.52,15.1,0,51,39,-90,-12,running,81.18,0
16.512,322,1,6,1.6,14.5,0,51,39,-90,-13,running,81.39,0
16.552,323,1,6,1.67,13.9,0,52,38,-90,-14,running,81.61,0
16.601,324,1,6,1.74,13.5,0,53,37,-90,-15,running,81.81,0
16.640,325,1,6,1.83,12.8,0,53,37,-90,-16,running,82.14,0
16.689,326,1,6,1.77,12.9,0,53,37,-90,-16,running,82.38,0
16.812,327,1,7,1.74,12.3,0,54,36,-90,-17,running,83.04,0
16.871,328,1,7,1.69,12.1,0,54,36,-90,-18,running,83.38,0
16.910,329,1,6,1.64,11.4,0,55,35,-90,-19,running,83.70,0
16.959,330,1,7,1.58,11.2,0,55,35,-90,-20,running,83.92,0
16.998,331,1,7,1.54,11.1,0,55,35,-90,-20,running,84.04,0
17.037,332,1,6,1.5,10.8,0,55,35,-90,-20,running,84.35,0
17.086,333,1,8,1.42,10.6,0,55,35,-90,-21,running,84.54,0
17.135,334,1,7,1.35,10.0,0,56,34,-90,-22,running,84.84,0
17.184,335,1,7,1.25,9.9,0,56,34,-90,-22,running,85.04,0
17.234,336,1,6,1.07,9.2,0,57,33,-90,-24,running,85.36,0
17.324,337,1,7,1.0,8.6,0,57,33,-90,-25,running,85.81,0
17.353,338,1,7,0.83,8.1,0,58,32,-90,-26,running,86.03,0
17.393,339,1,7,0.72,7.8,0,58,32,-90,-26,running,86.13,0
17.442,340,1,7,0.65,7.5,0,58,32,-90,-26,running,86.34,0
17.492,341,1,7,0.6,7.0,0,58,32,-90,-26,running,86.66,0
17.541,342,1,7,0.55,6.6,0,58,32,-90,-26,running,86.99,0
17.581,343,1,7,0.49,6.4,0,58,32,-90,-26,running,87.11,0
17.630,344,1,7,0.44,5.9,0,58,32,-90,-26,running,87.55,0
17.669,345,1,6,0.34,6.2,0,58,32,-90,-26,running,87.67,0
17.708,346,1,7,0.28,6.2,0,58,32,-90,-26,running,87.97,0
17.757,347,1,7,0.21,6.0,0,58,32,-90,-26,running,88.17,0
17.836,348,1,7,0.18,5.7,0,58,32,-90,-26,running,88.47,0
17.885,349,1,7,0.16,5.3,0,58,32,-90,-26,running,88.81,0
17.935,350,1,7,0.16,5.1,0,58,32,-90,-26,running,89.16,0
17.974,351,1,7,0.15,4.9,0,58,32,-90,-26,running,89.28,0
18.023,352,1,7,0.17,4.7,0,58,32,-90,-26,running,89.51,0
18.072,353,1,7,0.17,4.5,0,58,31,-89,-27,running,89.93,0
18.111,354,1,7,0.17,4.2,0,58,30,-88,-28,running,90.04,0
18.150,355,1,7,0.18,3.9,0,58,28,-86,-30,running,90.26,0
18.199,356,1,6,0.16,3.6,0,58,25,-83,-33,running,90.48,0
18.289,357,1,7,0.15,3.3,0,58,23,-81,-35,running,91.16,0
18.379,358,1,6,0.12,2.5,0,58,17,-75,-41,running,91.55,0
18.427,359,1,6,0.11,1.8,0,58,12,-70,-46,running,91.98,0
18.476,360,1,6,0.09,1.4,0,58,10,-68,-48,running,92.48,0
18.515,361,1,6,0.08,1.1,0,58,8,-66,-50,running,92.65,0
18.554,362,1,6,0.08,1.0,0,58,7,-65,-51,running,93.01,0
18.603,363,1,6,0.08,0.9,0,58,6,-64,-52,running,93.35,0
18.652,364,1,6,0.07,0.9,0,58,6,-64,-52,running,93.87,0
18.701,365,1,6,0.08,0.9,0,58,6,-64,-52,running,94.21,0
18.771,366,1,6,0.1,0.9,0,58,7,-65,-51,running,94.92,0
18.809,367,1,6,0.17,1.3,0,58,9,-67,-49,running,95.04,0
18.868,368,1,6,0.23,1.5,0,58,10,-68,-48,running,95.38,0
18.907,369,1,6,0.27,1.7,0,58,12,-70,-46,running,95.61,0
18.956,370,1,6,0.31,1.8,0,58,13,-71,-45,running,95.87,0
18.995,371,1,6,0.32,1.9,0,58,13,-71,-45,running,96.12,0
19.034,372,1,6,0.34,1.9,0,58,13,-71,-45,running,96.40,0
19.081,373,1,6,0.35,1.8,0,58,13,-71,-45,running,96.85,0
19.130,374,1,6,0.36,1.8,0,58,13,-71,-45,running,97.32,0
19.169,375,1,6,0.37,1.8,0,58,13,-71,-45,running,97.64,0
19.208,376,1,6,0.37,1.7,0,58,12,-70,-46,running,97.80,0
19.257,377,1,6,0.37,1.6,0,58,11,-69,-47,running,98.12,0
19.337,378,1,6,0.38,1.5,0,58,10,-68,-48,running,98.90,0
19.458,379,1,6,0.43,1.1,0,58,8,-66,-50,running,99.65,0
19.497,380,1,6,0.49,0.4,0,58,3,-61,-55,running,99.96,0
19.526,381,1,6,0.52,0.0,0,58,0,-58,-58,running,100.27,0
19.576,382,1,6,0.55,-0.3,0,58,-2,-56,-60,running,100.57,0
19.634,383,1,6,0.59,-0.5,0,58,-4,-54,-62,running,100.96,0
19.673,384,1,6,0.62,-0.9,0,58,-6,-52,-64,running,101.17,0
19.712,385,1,6,0.64,-0.9,0,58,-6,-52,-64,running,101.43,0
19.761,386,1,6,0.65,-1.4,0,58,-10,-48,-68,running,101.57,0
19.985,387,1,6,0.69,-1.7,0,58,-12,-46,-70,running,102.51,0
20.013,388,1,7,0.73,-2.5,0,58,-18,-40,-76,running,102.51,0
20.051,389,1,7,0.74,-2.9,0,58,-20,-38,-78,running,103.05,0
20.110,390,1,7,0.76,-3.0,0,58,-21,-37,-79,running,103.49,0
20.149,391,1,7,0.83,-3.1,0,58,-22,-36,-80,running,103.80,0
20.198,392,1,7,0.87,-3.4,0,58,-24,-34,-82,running,104.31,0
20.227,393,1,7,0.84,-3.5,0,58,-25,-33,-83,running,104.49,0
20.306,394,1,7,0.8,-3.8,0,58,-27,-31,-85,running,105.19,0
20.428,395,1,6,0.67,-4.8,0,58,-32,-26,-90,running,106.01,0
20.457,396,1,6,0.4,-5.9,0,58,-32,-26,-90,running,106.50,0
20.496,397,1,6,0.24,-6.5,0,58,-32,-26,-90,running,106.81,0
20.545,398,1,6,0.11,-6.9,0,58,-32,-26,-90,running,107.09,0
20.594,399,1,6,0.01,-7.3,0,58,-32,-26,-90,running,107.54,0
20.643,400,1,6,-0.1,-7.4,0,58,-32,-26,-90,running,107.84,0
20.692,401,1,6,-0.17,-7.7,0,58,-32,-26,-90,running,108.33,0
20.730,402,1,6,-0.25,-7.9,0,58,-32,-26,-90,running,108.64,0
20.966,403,1,6,-0.35,-8.1,0,58,-32,-26,-90,running,110.26,0
20.995,404,1,6,-0.45,-7.6,0,58,-32,-26,-90,running,110.73,0
21.024,405,1,6,-0.49,-7.3,0,58,-32,-26,-90,running,110.88,0
21.062,406,1,6,-0.52,-7.1,0,58,-32,-26,-90,running,111.17,0
21.111,407,1,5,-0.53,-7.0,0,58,-32,-26,-90,running,111.54,0
21.150,408,1,5,-0.58,-6.7,0,58,-32,-26,-90,running,111.79,0
21.199,409,1,5,-0.6,-6.6,0,58,-32,-26,-90,running,112.04,0
21.238,410,1,5,-0.59,-6.5,0,58,-32,-26,-90,running,112.19,0
21.287,411,1,4,-0.57,-6.2,0,58,-32,-26,-90,running,112.64,0
21.366,412,1,4,-0.56,-5.9,0,58,-32,-26,-90,running,113.24,0
21.416,413,1,4,-0.54,-5.3,0,58,-32,-26,-90,running,113.55,0
21.455,414,1,3,-0.52,-5.0,0,58,-32,-26,-90,running,113.85,0
21.504,415,1,3,-0.49,-4.8,0,58,-32,-26,-90,running,114.17,0
21.543,416,1,4,-0.47,-4.3,0,58,-30,-28,-88,running,114.48,0
21.582,417,1,4,-0.45,-4.0,0,58,-28,-30,-86,running,114.73,0
21.631,418,1,3,-0.39,-4.0,0,58,-28,-30,-86,running,115.08,0
21.680,419,1,3,-0.36,-3.7,0,58,-26,-32,-84,running,115.34,0
21.729,420,1,3,-0.32,-3.5,0,58,-24,-34,-82,running,115.63,0
21.758,421,1,3,-0.27,-3.0,0,58,-21,-37,-79,running,116.08,0
21.837,422,1,3,,,0,,,0,0,finished,116.53,0
