frame,time_s,found,n_bands,offset_in,lean_deg,look_in
0,0.41,1,4,-0.61,1.5,-0.35
1,0.467,1,4,-0.61,1.5,-0.35
2,0.536,1,4,-0.61,1.5,-0.35
3,0.656,1,4,-0.61,1.5,-0.35
4,1.375,1,4,-0.61,1.6,-0.35
5,1.422,1,4,-0.62,1.6,-0.34
6,1.483,1,4,-0.62,1.6,-0.34
7,1.548,1,4,-0.62,1.6,-0.34
8,1.723,1,4,-0.62,1.6,-0.34
9,1.727,1,4,-0.62,1.6,-0.34
10,1.759,1,4,-0.62,1.5,-0.35
11,1.789,1,4,-0.62,1.6,-0.34
12,1.855,1,4,-0.62,1.5,-0.35
13,1.89,1,4,-0.61,1.6,-0.35
14,1.962,1,4,-0.62,1.5,-0.35
15,2.016,1,4,-0.62,1.5,-0.35
16,2.074,1,4,-0.62,1.5,-0.35
17,2.138,1,4,-0.62,1.5,-0.35
18,2.194,1,4,-0.62,1.4,-0.35
19,2.255,1,4,-0.62,1.5,-0.35
20,2.315,1,4,-0.62,1.6,-0.34
21,2.382,1,4,-0.61,1.5,-0.35
22,2.436,1,4,-0.62,1.5,-0.35
23,2.502,1,4,-0.62,1.4,-0.35
24,2.563,1,4,-0.61,1.5,-0.35
25,2.625,1,4,-0.61,1.6,-0.35
26,2.733,1,4,-0.61,1.5,-0.35
27,2.746,1,4,-0.62,1.4,-0.35
28,2.832,1,4,-0.61,1.6,-0.35
29,2.868,1,4,-0.62,1.4,-0.35
30,2.932,1,4,-0.62,1.5,-0.35
31,2.994,1,4,-0.61,1.5,-0.35
32,3.053,1,4,-0.62,1.5,-0.34
33,3.114,1,4,-0.61,1.6,-0.35
34,3.182,1,4,-0.62,1.5,-0.35
35,3.237,1,4,-0.62,1.5,-0.35
36,3.298,1,4,-0.61,1.5,-0.35
37,3.355,1,4,-0.61,1.5,-0.35
38,3.425,1,4,-0.62,1.4,-0.35
39,3.49,1,4,-0.62,1.4,-0.35
40,3.542,1,4,-0.61,1.6,-0.35
41,3.626,1,4,-0.61,1.5,-0.35
42,3.728,1,4,-0.61,1.6,-0.35
43,3.736,1,4,-0.61,1.6,-0.35
44,3.818,1,4,-0.61,1.6,-0.35
45,3.851,1,4,-0.62,1.5,-0.35
46,3.911,1,4,-0.61,1.6,-0.35
47,3.972,1,4,-0.61,1.5,-0.35
48,4.039,1,4,-0.61,1.6,-0.34
49,4.102,1,4,-0.61,1.6,-0.35
50,4.158,1,4,-0.62,1.5,-0.35
51,4.219,1,4,-0.61,1.6,-0.35
52,4.282,1,4,-0.61,1.6,-0.35
53,4.345,1,4,-0.61,1.6,-0.35
54,4.404,1,4,-0.61,1.6,-0.35
55,4.466,1,4,-0.61,1.6,-0.35
56,4.527,1,4,-0.61,1.6,-0.35
57,4.591,1,4,-0.61,1.6,-0.35
58,4.65,1,4,-0.61,1.5,-0.35
59,4.734,1,4,-0.61,1.5,-0.35
60,4.825,1,4,-0.62,1.5,-0.35
61,4.837,1,4,-0.61,1.5,-0.35
62,4.89,1,4,-0.62,1.4,-0.35
63,4.963,1,4,-0.62,1.5,-0.35
64,5.026,1,4,-0.61,1.6,-0.35
65,5.084,1,4,-0.61,1.6,-0.35
66,5.141,1,4,-0.61,1.6,-0.35
67,5.205,1,4,-0.61,1.5,-0.35
68,5.267,1,4,-0.61,1.6,-0.35
69,5.333,1,4,-0.61,1.5,-0.35
70,5.387,1,4,-0.61,1.5,-0.35
71,5.455,1,4,-0.61,1.6,-0.34
72,5.509,1,4,-0.61,1.6,-0.35
73,5.576,1,4,-0.61,1.6,-0.35
74,5.634,1,4,-0.62,1.5,-0.35
75,5.728,1,4,-0.62,1.5,-0.35
76,5.751,1,4,-0.62,1.4,-0.35
77,5.836,1,4,-0.62,1.4,-0.35
78,5.881,1,4,-0.62,1.4,-0.35
79,5.935,1,4,-0.62,1.4,-0.35
80,5.994,1,4,-0.61,1.6,-0.35
81,6.059,1,4,-0.61,1.6,-0.35
82,6.12,1,4,-0.61,1.5,-0.35
83,6.172,1,4,-0.62,1.5,-0.35
84,6.23,1,4,-0.61,1.5,-0.35
85,6.291,1,4,-0.61,1.5,-0.35
86,6.36,1,4,-0.62,1.5,-0.35
87,6.41,1,4,-0.61,1.5,-0.35
88,6.477,1,4,-0.62,1.5,-0.35
89,6.542,1,4,-0.61,1.6,-0.35
90,6.6,1,4,-0.61,1.6,-0.35
91,6.736,1,4,-0.61,1.5,-0.35
92,6.743,1,4,-0.62,1.5,-0.35
93,6.794,1,4,-0.61,1.6,-0.35
94,6.843,1,4,-0.62,1.5,-0.35
95,6.905,1,4,-0.61,1.5,-0.35
96,6.975,1,4,-0.61,1.6,-0.35
97,7.029,1,4,-0.61,1.6,-0.35
98,7.09,1,4,-0.61,1.6,-0.35
99,7.149,1,4,-0.61,1.6,-0.35
100,7.212,1,4,-0.61,1.6,-0.35
101,7.272,1,4,-0.61,1.5,-0.35
102,7.324,1,4,-0.61,1.6,-0.35
103,7.392,1,4,-0.61,1.5,-0.35
104,7.458,1,4,-0.62,1.5,-0.35
105,7.519,1,4,-0.62,1.4,-0.35
106,7.579,1,4,-0.61,1.6,-0.35
107,7.73,1,4,-0.62,1.4,-0.35
108,7.74,1,4,-0.62,1.4,-0.35
109,7.764,1,4,-0.62,1.5,-0.35
110,7.831,1,4,-0.61,1.5,-0.35
111,7.908,1,4,-0.61,1.5,-0.35
112,7.956,1,4,-0.62,1.5,-0.35
113,8.039,1,4,-0.62,1.4,-0.35
114,8.1,1,4,-0.61,1.5,-0.35
115,8.152,1,4,-0.62,1.5,-0.35
116,8.236,1,4,-0.62,1.5,-0.35
117,8.292,1,4,-0.61,1.6,-0.35
118,8.341,1,4,-0.61,1.5,-0.35
119,8.4,1,4,-0.61,1.5,-0.35
120,8.47,1,4,-0.61,1.6,-0.35
121,8.53,1,4,-0.62,1.5,-0.35
122,8.593,1,4,-0.62,1.5,-0.35
123,8.748,1,4,-0.61,1.5,-0.35
124,8.757,1,4,-0.61,1.5,-0.35
125,8.818,1,4,-0.61,1.6,-0.34
126,8.835,1,4,-0.61,1.6,-0.35
127,8.892,1,4,-0.62,1.6,-0.34
128,8.956,1,4,-0.62,1.5,-0.35
129,9.014,1,4,-0.61,1.6,-0.34
130,9.082,1,4,-0.61,1.6,-0.35
131,9.133,1,4,-0.62,1.4,-0.35
132,9.187,1,4,-0.61,1.5,-0.35
133,9.248,1,4,-0.62,1.4,-0.35
134,9.305,1,4,-0.61,1.6,-0.35
135,9.365,1,4,-0.61,1.6,-0.35
136,9.431,1,4,-0.61,1.6,-0.35
137,9.485,1,4,-0.61,1.5,-0.35
138,9.544,1,4,-0.62,1.5,-0.35
139,9.6,1,4,-0.61,1.6,-0.35
140,9.724,1,4,-0.61,1.6,-0.35
141,9.73,1,4,-0.62,1.4,-0.35
142,9.82,1,4,-0.61,1.6,-0.35
143,9.832,1,4,-0.62,1.5,-0.34
144,9.889,1,4,-0.61,1.6,-0.35
145,9.954,1,4,-0.61,1.6,-0.35
146,10.021,1,4,-0.61,1.6,-0.35
147,10.079,1,4,-0.62,1.5,-0.35
148,10.148,1,4,-0.61,1.5,-0.35
149,10.208,1,4,-0.61,1.6,-0.35
150,10.271,1,4,-0.61,1.6,-0.35
151,10.33,1,4,-0.61,1.6,-0.35
152,10.394,1,4,-0.62,1.4,-0.35
153,10.457,1,4,-0.61,1.6,-0.35
154,10.515,1,4,-0.61,1.6,-0.35
155,10.571,1,4,-0.61,1.5,-0.35
156,10.629,1,4,-0.6,1.6,-0.35
157,10.725,1,4,-0.61,1.5,-0.35
158,10.763,1,4,-0.61,1.6,-0.35
159,10.829,1,4,-0.62,1.5,-0.35
160,10.896,1,4,-0.62,1.5,-0.35
161,10.965,1,4,-0.61,1.6,-0.35
162,11.016,1,4,-0.61,1.6,-0.35
163,11.078,1,4,-0.62,1.5,-0.35
164,11.134,1,4,-0.61,1.5,-0.35
165,11.202,1,4,-0.62,1.5,-0.35
166,11.257,1,4,-0.62,1.5,-0.35
167,11.318,1,4,-0.62,1.5,-0.35
168,11.375,1,4,-0.61,1.6,-0.35
169,11.425,1,4,-0.62,1.5,-0.35
170,11.48,1,4,-0.61,1.6,-0.35
171,11.541,1,4,-0.62,1.5,-0.35
172,11.606,1,4,-0.62,1.5,-0.35
173,11.675,1,4,-0.61,1.5,-0.35
174,11.723,1,4,-0.62,1.4,-0.35
175,11.825,1,4,-0.61,1.6,-0.35
176,11.843,1,4,-0.61,1.6,-0.35
177,11.921,1,4,-0.62,1.5,-0.35
178,11.973,1,4,-0.62,1.5,-0.35
179,12.028,1,4,-0.61,1.6,-0.35
180,12.096,1,4,-0.62,1.5,-0.35
181,12.158,1,4,-0.62,1.5,-0.35
182,12.232,1,4,-0.62,1.5,-0.35
183,12.3,1,4,-0.62,1.5,-0.35
184,12.353,1,4,-0.62,1.4,-0.35
185,12.417,1,4,-0.62,1.5,-0.35
186,12.472,1,4,-0.61,1.6,-0.35
187,12.542,1,4,-0.61,1.5,-0.35
188,12.598,1,4,-0.61,1.6,-0.35
189,12.657,1,4,-0.61,1.6,-0.35
190,12.726,1,4,-0.62,1.5,-0.35
191,12.823,1,4,-0.62,1.5,-0.35
192,12.833,1,4,-0.61,1.6,-0.35
193,12.913,1,4,-0.61,1.6,-0.35
194,12.954,1,4,-0.62,1.5,-0.35
195,13.018,1,4,-0.61,1.6,-0.35
196,13.074,1,4,-0.61,1.6,-0.35
197,13.139,1,4,-0.62,1.5,-0.35
198,13.197,1,4,-0.62,1.5,-0.35
199,13.259,1,4,-0.61,1.6,-0.35
200,13.323,1,4,-0.61,1.5,-0.35
201,13.387,1,4,-0.61,1.5,-0.35
202,13.441,1,4,-0.61,1.6,-0.35
203,13.5,1,4,-0.61,1.5,-0.35
204,13.559,1,4,-0.61,1.6,-0.35
205,13.627,1,4,-0.61,1.6,-0.35
206,13.683,1,4,-0.62,1.5,-0.35
207,13.741,1,4,-0.62,1.5,-0.35
208,13.829,1,4,-0.62,1.4,-0.35
209,13.865,1,4,-0.61,1.6,-0.35
210,13.924,1,4,-0.62,1.5,-0.35
211,13.981,1,4,-0.62,1.4,-0.35
212,14.04,1,4,-0.62,1.5,-0.35
213,14.095,1,4,-0.62,1.5,-0.35
214,14.172,1,4,-0.61,1.6,-0.35
215,14.226,1,4,-0.61,1.5,-0.35
216,14.31,1,4,-0.61,1.6,-0.35
217,14.348,1,4,-0.62,1.5,-0.35
218,14.406,1,4,-0.62,1.5,-0.35
219,14.464,1,4,-0.61,1.6,-0.35
220,14.522,1,4,-0.61,1.6,-0.35
221,14.586,1,4,-0.61,1.5,-0.35
222,14.646,1,4,-0.61,1.6,-0.35
223,14.723,1,4,-0.62,1.5,-0.35
224,14.823,1,4,-0.61,1.6,-0.35
225,14.85,1,4,-0.62,1.5,-0.35
226,14.924,1,4,-0.61,1.6,-0.35
227,14.961,1,4,-0.61,1.6,-0.35
228,15.015,1,4,-0.62,1.5,-0.35
229,15.074,1,4,-0.61,1.6,-0.35
230,15.132,1,4,-0.61,1.6,-0.35
231,15.188,1,4,-0.61,1.6,-0.35
232,15.246,1,4,-0.61,1.6,-0.35
233,15.306,1,4,-0.62,1.5,-0.35
234,15.372,1,4,-0.61,1.6,-0.35
235,15.439,1,4,-0.61,1.6,-0.35
236,15.491,1,4,-0.62,1.5,-0.35
237,15.582,1,4,-0.61,1.6,-0.35
238,15.625,1,4,-0.61,1.6,-0.35
239,15.689,1,4,-0.62,1.5,-0.35
240,15.75,1,4,-0.62,1.4,-0.35
241,15.828,1,4,-0.61,1.5,-0.35
242,15.923,1,4,-0.62,1.5,-0.35
243,15.934,1,4,-0.61,1.6,-0.35
244,16.003,1,4,-0.61,1.5,-0.35
245,16.068,1,4,-0.62,1.5,-0.35
246,16.129,1,4,-0.61,1.6,-0.35
247,16.192,1,4,-0.61,1.5,-0.35
248,16.247,1,4,-0.62,1.5,-0.35
249,16.307,1,4,-0.61,1.6,-0.35
250,16.373,1,4,-0.61,1.6,-0.35
251,16.436,1,4,-0.59,1.7,-0.35
252,16.498,1,4,-0.54,2.2,-0.29
253,16.552,1,5,-0.54,2.3,-0.29
254,16.608,1,5,-0.53,2.5,-0.29
255,16.665,1,5,-0.53,2.7,-0.26
256,16.718,1,5,-0.49,2.4,-0.26
257,16.825,1,5,-0.49,2.6,-0.23
258,16.83,1,4,-0.62,2.3,-0.18
259,16.896,1,5,-0.51,2.3,-0.2
260,16.941,1,3,-0.5,3.4,-0.09
261,16.997,1,6,-0.44,2.4,-0.14
262,17.058,1,4,-0.32,1.7,-0.1
263,17.114,1,3,-0.48,3.1,0.05
264,17.169,1,4,-0.43,2.3,-0.03
265,17.23,1,5,-0.4,2.8,0.0
266,17.289,1,5,-0.32,3.0,0.01
267,17.341,1,5,-0.35,2.4,0.06
268,17.398,1,5,-0.32,2.4,0.09
269,17.454,1,5,-0.29,2.4,0.12
270,17.51,1,5,-0.23,2.4,0.17
271,17.566,1,5,-0.23,2.5,0.18
272,17.624,1,6,-0.17,2.4,0.21
273,17.687,1,6,-0.17,2.5,0.24
274,17.829,1,7,-0.14,2.5,0.29
275,17.83,1,7,-0.12,2.6,0.32
276,17.869,1,7,-0.09,2.6,0.35
277,17.923,1,8,-0.07,2.8,0.4
278,17.983,1,8,-0.06,2.8,0.4
279,18.048,1,8,-0.03,2.8,0.43
280,18.102,1,8,-0.03,2.7,0.43
281,18.169,1,8,-0.03,2.8,0.43
282,18.227,1,8,-0.06,2.6,0.38
283,18.282,1,8,-0.07,2.5,0.35
284,18.346,1,8,-0.06,2.4,0.35
285,18.394,1,8,-0.04,2.5,0.35
286,18.456,1,8,-0.04,2.5,0.38
287,18.51,1,8,-0.01,2.6,0.4
288,18.575,1,8,-0.01,2.5,0.4
289,18.636,1,8,0.0,2.5,0.4
290,18.687,1,8,0.01,2.5,0.43
291,18.827,1,8,0.03,2.5,0.43
292,18.828,1,8,0.03,2.4,0.43
293,18.859,1,7,0.0,2.6,0.38
294,18.92,1,7,0.0,2.3,0.32
295,18.984,1,7,0.0,2.1,0.29
296,19.036,1,7,-0.01,1.5,0.23
297,19.095,1,7,-0.01,1.3,0.2
298,19.152,1,7,-0.03,1.1,0.16
299,19.21,1,6,-0.04,0.8,0.09
300,19.264,1,6,-0.06,0.5,0.03
301,19.322,1,6,-0.09,0.3,-0.03
302,19.39,1,6,-0.09,0.3,-0.03
303,19.435,1,6,-0.12,0.0,-0.09
304,19.507,1,5,-0.12,-0.2,-0.12
305,19.549,1,5,-0.14,-0.2,-0.15
306,19.608,1,5,-0.16,-0.3,-0.2
307,19.672,1,5,-0.21,-0.1,-0.24
308,19.736,1,5,-0.21,-0.4,-0.29
309,19.822,1,4,-0.29,-0.3,-0.32
310,19.868,1,4,-0.32,-0.3,-0.35
311,19.933,1,4,-0.35,-0.4,-0.4
312,20.001,1,6,-0.4,-0.5,-0.46
313,20.06,1,7,-0.32,-0.6,-0.46
314,20.12,1,7,-0.35,-0.5,-0.49
315,20.173,1,7,-0.38,-0.1,-0.43
316,20.229,1,7,-0.38,0.2,-0.4
317,20.295,1,7,-0.4,0.6,-0.38
318,20.341,1,7,-0.4,0.8,-0.35
319,20.401,1,7,-0.38,1.2,-0.29
320,20.458,1,5,-0.38,1.3,-0.24
321,20.529,1,6,-0.4,1.6,-0.23
322,20.584,1,5,-0.4,1.6,-0.21
323,20.632,1,5,-0.43,1.8,-0.18
324,20.693,1,6,-0.43,2.0,-0.15
325,20.746,1,6,-0.46,2.1,-0.14
326,20.829,1,6,-0.46,2.6,-0.12
327,20.861,1,6,-0.49,2.8,-0.07
328,20.934,1,6,-0.49,2.9,-0.07
329,21.018,1,6,-0.49,3.0,-0.04
330,21.041,1,6,-0.49,2.8,-0.03
331,21.098,1,6,-0.49,2.8,-0.04
332,21.151,1,6,-0.49,2.7,-0.04
333,21.21,1,6,-0.49,2.6,-0.04
334,21.264,1,7,-0.49,2.5,-0.04
335,21.325,1,5,-0.43,2.6,-0.01
336,21.386,1,6,-0.43,2.5,-0.01
337,21.446,1,5,-0.43,2.8,0.01
338,21.504,1,5,-0.4,2.7,0.04
339,21.565,1,5,-0.4,2.8,0.06
340,21.617,1,6,-0.38,2.7,0.06
341,21.672,1,6,-0.38,2.6,0.09
342,21.733,1,5,-0.35,2.8,0.11
343,21.824,1,5,-0.34,2.7,0.12
344,21.842,1,5,-0.34,2.7,0.12
345,21.925,1,7,-0.32,2.6,0.12
346,21.963,1,7,-0.29,2.6,0.12
347,22.02,1,7,-0.29,2.5,0.12
348,22.076,1,7,-0.26,2.5,0.15
349,22.158,1,8,-0.26,2.4,0.12
350,22.211,1,7,-0.23,2.2,0.12
351,22.273,1,7,-0.23,2.2,0.12
352,22.333,1,7,-0.23,2.0,0.09
353,22.387,1,6,-0.21,1.7,0.06
354,22.445,1,6,-0.2,1.6,0.03
355,22.501,1,6,-0.18,1.4,0.0
356,22.561,1,5,-0.18,1.1,-0.03
357,22.627,1,6,-0.18,1.1,-0.04
358,22.69,1,5,-0.18,0.7,-0.09
359,22.753,1,5,-0.17,0.6,-0.1
360,22.834,1,7,-0.16,-0.1,-0.14
361,22.864,1,7,-0.15,-0.6,-0.17
362,22.925,1,6,-0.17,-0.3,-0.2
363,23.016,1,6,-0.17,-0.4,-0.23
364,23.033,1,6,-0.15,-0.6,-0.26
365,23.087,1,8,-0.15,-1.8,-0.29
366,23.144,1,8,-0.15,-1.9,-0.29
367,23.204,1,7,-0.15,-1.4,-0.35
368,23.258,1,7,-0.18,-1.5,-0.4
369,23.313,1,7,-0.18,-1.6,-0.43
370,23.368,1,7,-0.18,-1.8,-0.49
371,23.424,1,6,-0.19,-1.8,-0.53
372,23.51,1,7,-0.19,-3.8,-0.55
373,23.554,1,5,-0.19,-2.4,-0.63
374,23.608,1,5,-0.24,-2.6,-0.69
375,23.672,1,6,-0.26,-2.9,-0.81
376,23.73,1,6,-0.26,-3.1,-0.87
377,23.786,1,6,-0.26,-3.4,-0.95
378,23.845,1,6,-0.26,-3.7,-0.99
379,23.926,1,7,-0.24,-4.1,-1.07
380,23.954,1,7,-0.24,-4.3,-1.07
381,24.023,1,7,-0.21,-4.4,-1.07
382,24.084,1,7,-0.23,-4.7,-1.15
383,24.144,1,8,-0.23,-4.9,-1.21
384,24.202,1,8,-0.24,-5.1,-1.29
385,24.26,1,8,-0.24,-5.4,-1.32
386,24.32,1,8,-0.24,-5.6,-1.38
387,24.384,1,8,-0.24,-5.8,-1.41
388,24.447,1,8,-0.24,-6.1,-1.51
389,24.507,1,7,-0.24,-6.5,-1.53
390,24.566,1,7,-0.24,-7.0,-1.59
391,24.624,1,8,-0.24,-7.3,-1.64
392,24.69,1,8,-0.24,-7.9,-1.65
393,24.778,1,8,-0.24,-8.4,-1.62
394,24.813,1,8,-0.24,-8.9,-1.79
395,24.924,1,7,-0.24,-9.3,-1.9
396,24.935,1,7,-0.24,-9.9,-1.93
397,25.026,1,7,-0.24,-10.1,-2.08
398,25.065,1,6,-0.23,-10.6,-2.04
399,25.125,1,5,-0.23,-13.2,-1.95
400,25.182,1,5,-0.23,-13.7,-2.25
401,25.243,1,6,-0.23,-12.1,-2.76
402,25.306,1,6,-0.21,-12.7,-3.11
403,25.369,1,5,-0.21,-12.0,-1.93
404,25.426,1,5,-0.2,-12.5,-1.93
405,25.485,1,5,-0.18,-12.8,-2.01
406,25.544,1,5,-0.2,-13.0,-1.98
407,25.611,1,6,-0.18,-13.4,-2.01
408,25.668,1,6,-0.18,-14.4,-4.04
409,25.728,1,5,-0.18,-13.4,-2.01
410,25.785,1,5,-0.2,-13.6,-2.06
411,25.926,1,5,-0.18,-13.6,-2.04
412,25.935,1,5,-0.18,-13.6,-2.04
413,25.97,1,5,-0.17,-13.7,-2.04
414,26.032,1,5,-0.17,-13.8,-1.98
415,26.122,1,5,-0.17,-13.8,-1.98
416,26.153,1,5,-0.2,-14.1,-2.12
417,26.229,1,6,-0.2,-14.4,-2.14
418,26.266,1,6,-0.18,-14.9,-2.2
419,26.328,1,7,-0.2,-22.8,-2.3
420,26.38,1,6,-0.2,-16.3,-2.49
421,26.44,1,6,-0.2,-16.6,-2.54
422,26.498,1,7,-0.2,-17.7,-2.65
423,26.551,1,7,-0.23,-18.4,-2.71
424,26.607,1,7,-0.23,-18.9,-2.53
425,26.667,1,7,-0.23,-20.1,-2.56
426,26.727,1,7,-0.23,-21.2,-2.92
427,26.783,1,7,-0.24,-21.6,-2.74
428,26.935,1,7,-0.26,-22.2,-3.46
429,26.938,1,7,-0.26,-22.7,-3.56
430,26.97,1,7,-0.26,-22.9,-3.62
431,27.023,1,7,-0.29,-22.9,-3.76
432,27.083,1,7,-0.26,-22.8,-3.87
433,27.145,1,7,-0.29,-22.6,-3.71
434,27.204,1,7,-0.26,-23.0,-3.19
435,27.266,1,7,-0.26,-22.6,-4.12
436,27.329,1,7,-0.26,-23.0,-3.28
437,27.389,1,7,-0.26,-22.8,-3.87
438,27.454,1,7,-0.26,-22.7,-3.71
439,27.507,1,7,-0.26,-22.9,-3.28
440,27.561,1,7,-0.26,-23.0,-3.19
441,27.626,1,7,-0.29,-22.9,-3.62
442,27.688,1,7,-0.29,-23.0,-3.64
443,27.755,1,7,-0.29,-23.1,-3.67
444,27.815,1,7,-0.29,-23.1,-3.56
445,27.928,1,7,-0.29,-23.3,-3.72
446,27.933,1,7,-0.29,-24.1,-3.76
447,28.014,1,7,-0.35,-26.0,-3.38
448,28.072,1,7,-0.38,-26.5,-4.45
449,28.116,1,6,-0.43,-24.3,-2.77
450,28.171,1,6,-0.54,-25.8,-3.15
451,28.23,1,5,-0.82,-22.4,-2.38
452,28.291,1,6,-0.97,-28.0,-3.98
453,28.347,1,6,-1.03,-28.2,-4.62
454,28.408,1,6,-1.03,-28.2,-4.82
455,28.47,1,6,-1.06,-28.2,-4.62
456,28.553,1,6,-1.0,-28.0,-4.28
457,28.594,1,6,-1.0,-27.9,-4.12
458,28.648,1,6,-1.03,-28.0,-4.12
459,28.706,1,6,-1.0,-28.0,-4.28
460,28.763,1,6,-1.0,-28.0,-4.28
461,28.822,1,6,-1.0,-28.0,-4.28
462,28.925,1,6,-1.0,-28.0,-4.28
463,28.94,1,6,-1.0,-28.0,-4.28
464,29.024,1,6,-1.03,-28.1,-4.28
465,29.061,1,6,-1.0,-28.0,-4.28
466,29.124,1,6,-1.0,-28.0,-4.28
467,29.182,1,6,-1.0,-28.0,-4.28
468,29.247,1,6,-1.0,-28.0,-4.28
469,29.304,1,6,-1.0,-28.0,-4.28
470,29.367,1,6,-1.0,-28.0,-4.28
471,29.437,1,6,-1.0,-28.0,-4.28
472,29.496,1,6,-1.0,-28.0,-4.28
473,29.56,1,6,-1.0,-28.0,-4.28
474,29.62,1,6,-0.95,-27.9,-4.12
475,29.685,1,6,-0.94,-27.9,-3.72
476,29.742,1,6,-0.91,-28.3,-3.84
477,29.8,1,5,-0.94,-23.9,-2.54
478,29.861,1,5,-0.91,-24.0,-2.67
479,29.927,1,6,-0.85,-27.8,-5.55
480,30.025,1,5,-0.81,-24.0,-2.6
481,30.054,1,6,-0.62,-29.2,-3.0
482,30.12,1,5,-0.57,-24.4,-2.51
483,30.175,1,6,-0.51,-28.4,-5.08
484,30.23,1,6,-0.46,-28.6,-4.42
485,30.286,1,6,-0.43,-29.0,-4.12
486,30.346,1,5,-0.43,-25.9,-2.58
487,30.405,1,5,-0.43,-26.9,-2.75
488,30.463,1,6,-0.46,-30.4,-6.06
489,30.519,1,6,-0.49,-31.8,-3.72
490,30.575,1,6,-0.49,-31.9,-3.72
491,30.631,1,6,-0.51,-32.1,-4.12
492,30.689,1,6,-0.51,-32.3,-4.45
493,30.748,1,6,-0.54,-32.3,-4.62
494,30.802,1,6,-0.54,-32.5,-5.02
495,30.864,1,6,-0.57,-32.5,-5.76
496,30.925,1,6,-0.57,-32.6,-6.38
497,31.026,1,5,-0.6,-32.3,-3.53
498,31.041,1,5,-0.62,-32.4,-3.58
499,31.125,1,5,-0.78,-32.1,-3.74
500,31.156,1,5,-0.82,-31.9,-3.54
501,31.213,1,5,-0.85,-31.7,-3.54
502,31.274,1,5,-0.84,-31.1,-3.5
503,31.338,1,5,-0.84,-30.4,-3.42
504,31.394,1,6,-0.81,-30.6,-6.38
505,31.449,1,6,-0.79,-29.9,-4.45
506,31.507,1,6,-0.73,-29.7,-3.84
507,31.566,1,6,-0.54,-28.6,-4.26
508,31.623,1,6,-0.45,-27.4,-4.33
509,31.683,1,7,-0.43,-27.9,-6.38
510,31.737,1,7,-0.35,-27.3,-4.12
511,31.791,1,6,-0.29,-24.5,-3.55
512,31.85,1,7,-0.24,-25.5,-3.99
513,31.924,1,6,-0.19,-23.1,-3.1
514,31.966,1,7,-0.13,-24.1,-3.53
515,32.028,1,6,-0.11,-22.0,-2.76
516,32.107,1,6,-0.09,-21.6,-4.17
517,32.143,1,6,-0.09,-21.2,-3.67
518,32.225,1,6,-0.06,-20.3,-3.14
519,32.259,1,6,-0.04,-19.5,-3.12
520,32.315,1,8,-0.03,-25.1,-6.38
521,32.38,1,7,0.0,-21.0,-3.67
522,32.435,1,7,0.0,-20.5,-3.41
523,32.502,1,7,0.03,-20.2,-3.8
524,32.557,1,7,0.03,-20.0,-3.77
525,32.614,1,7,0.03,-20.3,-2.81
526,32.666,1,7,0.0,-20.7,-2.72
527,32.726,1,7,-0.01,-21.0,-2.79
528,32.784,1,7,-0.03,-21.1,-2.82
529,32.845,1,7,-0.04,-21.2,-2.67
530,32.929,1,8,-0.06,-24.9,-3.6
531,32.96,1,8,-0.06,-25.0,-3.72
532,33.022,1,8,-0.07,-25.0,-3.6
533,33.117,1,8,-0.09,-25.1,-3.98
534,33.142,1,8,-0.1,-25.4,-4.82
535,33.199,1,8,-0.1,-25.5,-4.82
536,33.256,1,8,-0.09,-25.3,-3.84
537,33.313,1,8,-0.07,-25.2,-3.48
538,33.375,1,8,-0.03,-25.2,-3.38
539,33.432,1,8,0.01,-25.2,-3.38
540,33.498,1,8,0.01,-24.4,-4.44
541,33.554,1,8,0.04,-24.2,-4.1
542,33.611,1,8,0.04,-23.6,-3.99
543,33.664,1,8,0.07,-23.4,-3.42
544,33.731,1,6,0.1,-18.0,-1.9
545,33.792,1,8,0.1,-22.9,-3.22
546,33.85,1,8,0.14,-22.8,-3.38
547,33.923,1,6,0.16,-17.5,-1.93
548,33.969,1,6,0.22,-17.5,-1.88
549,34.029,1,6,0.26,-17.4,-1.82
550,34.127,1,6,0.32,-17.7,-1.75
551,34.14,1,8,0.32,-22.9,-3.19
552,34.193,1,8,0.32,-24.0,-3.61
553,34.249,1,8,0.32,-24.5,-4.47
554,34.318,1,8,0.29,-24.4,-3.99
555,34.374,1,7,0.29,-22.0,-3.34
556,34.433,1,8,0.26,-25.4,-4.81
557,34.498,1,7,0.26,-22.0,-3.06
558,34.563,1,7,0.26,-22.1,-3.31
559,34.63,1,8,0.26,-26.1,-3.27
560,34.69,1,8,0.26,-26.3,-3.38
561,34.773,1,8,0.26,-26.2,-3.27
562,34.798,1,7,0.29,-22.4,-2.47
563,34.856,1,7,0.29,-22.3,-2.53
564,34.928,1,7,0.29,-22.0,-2.73
565,35.023,1,7,0.32,-21.9,-2.6
566,35.032,1,7,0.32,-21.6,-2.82
567,35.128,1,7,0.32,-21.1,-2.65
568,35.141,1,7,0.35,-21.1,-2.38
569,35.197,1,7,0.35,-21.1,-2.96
570,35.254,1,7,0.35,-20.9,-2.8
571,35.312,1,7,0.38,-20.9,-3.03
572,35.371,1,7,0.38,-20.7,-2.65
573,35.43,1,7,0.4,-20.2,-3.41
574,35.489,1,7,0.43,-20.1,-3.2
575,35.552,1,7,0.43,-19.9,-3.49
576,35.613,1,6,0.46,-17.6,-1.48
577,35.671,1,6,0.49,-17.4,-1.39
578,35.73,1,7,0.52,-19.9,-2.62
579,35.79,1,6,0.55,-17.1,-1.32
580,35.845,1,7,0.58,-19.9,-2.4
581,35.911,1,7,0.61,-19.6,-2.1
582,36.025,1,7,0.63,-19.5,-2.0
583,36.035,1,8,0.66,-23.6,-2.67
584,36.1,1,8,0.69,-23.4,-2.65
585,36.149,1,8,0.69,-23.3,-2.69
586,36.212,1,7,0.72,-19.1,-2.28
587,36.273,1,8,0.75,-23.3,-3.48
588,36.33,1,8,0.78,-22.9,-3.06
589,36.388,1,8,0.81,-23.2,-3.27
590,36.445,1,8,0.84,-22.7,-2.58
591,36.504,1,8,0.82,-22.5,-2.46
592,36.561,1,8,0.87,-22.3,-2.48
593,36.618,1,8,0.85,-22.1,-2.38
594,36.672,1,8,0.89,-21.9,-2.47
595,36.728,1,8,0.88,-21.8,-2.49
596,36.786,1,8,0.92,-21.7,-2.6
597,36.845,1,8,0.95,-21.5,-2.53
598,36.903,1,8,0.98,-21.4,-2.48
599,37.025,1,8,1.01,-21.7,-2.46
600,37.03,1,8,1.04,-21.4,-2.88
601,37.109,1,8,1.04,-21.6,-3.21
602,37.152,1,7,1.04,-18.8,-2.0
603,37.213,1,7,1.01,-19.4,-1.85
604,37.273,1,6,1.07,-16.4,-0.84
605,37.336,1,6,1.04,-17.0,-0.89
606,37.4,1,6,1.04,-17.5,-0.94
607,37.455,1,6,1.07,-18.2,-1.0
608,37.511,1,6,1.04,-18.6,-1.01
609,37.569,1,6,1.12,-19.2,-1.05
610,37.624,1,6,1.18,-19.8,-1.03
611,37.682,1,6,1.3,-20.2,-1.07
612,37.736,1,6,1.33,-20.5,-1.07
613,37.798,1,6,1.38,-20.8,-1.05
614,37.853,1,6,1.4,-21.0,-1.05
615,37.912,1,6,1.43,-21.0,-0.98
616,38.024,1,6,1.54,-21.4,-0.94
617,38.034,1,6,1.62,-21.5,-0.87
618,38.119,1,8,1.79,-24.5,-3.09
619,38.151,1,7,1.76,-24.3,-3.46
620,38.207,1,7,1.93,-22.7,-1.8
621,38.267,1,8,2.05,-23.6,-2.02
622,38.325,1,8,2.16,-23.5,-1.48
623,38.39,1,8,2.22,-23.3,-1.27
624,38.447,1,7,2.31,-22.7,-0.83
625,38.507,1,7,2.5,-22.4,-0.73
626,38.572,1,7,2.56,-22.0,-0.62
627,38.63,1,8,2.62,-21.9,-1.07
628,38.712,1,8,2.84,-21.1,-1.16
629,38.74,1,8,2.88,-21.0,-0.93
630,38.806,1,7,3.08,-20.1,-0.14
631,38.861,1,7,3.48,-20.5,-0.83
632,38.917,1,7,3.52,-20.0,-0.66
633,39.025,1,8,3.62,-19.5,-0.38
634,39.028,1,8,3.86,-18.7,-0.2
635,39.124,1,8,3.7,-18.6,-0.17
636,39.15,1,8,3.66,-18.4,-0.16
637,39.213,1,8,3.48,-18.1,-0.13
638,39.265,1,8,3.44,-17.8,-0.14
639,39.332,1,8,3.24,-17.3,-0.12
640,39.388,1,8,3.09,-17.2,-0.1
641,39.451,1,8,3.06,-16.8,-0.08
642,39.507,1,8,2.9,-16.3,-0.04
643,39.568,1,8,2.74,-16.0,-0.03
644,39.618,1,8,2.71,-15.9,-0.04
645,39.679,1,8,2.68,-15.8,-0.05
646,39.773,1,8,2.62,-15.7,-0.09
647,39.804,1,8,2.46,-15.6,-0.14
648,39.861,1,8,2.48,-15.5,-0.19
649,39.916,1,8,2.45,-15.5,-0.22
650,40.024,1,8,2.37,-15.5,-0.29
651,40.027,1,8,2.28,-15.4,-0.35
652,40.124,1,8,2.22,-15.3,-0.38
653,40.145,1,8,2.27,-15.2,-0.4
654,40.2,1,8,2.11,-15.1,-0.48
655,40.258,1,8,2.02,-15.1,-0.53
656,40.322,1,8,2.02,-15.0,-0.59
657,40.386,1,8,1.9,-14.9,-0.62
658,40.434,1,8,1.93,-14.8,-0.64
659,40.494,1,8,1.88,-14.3,-0.58
660,40.571,1,8,1.91,-14.0,-0.59
661,40.607,1,8,1.81,-13.9,-0.59
662,40.664,1,8,1.84,-13.6,-0.59
663,40.727,1,8,1.72,-13.4,-0.59
664,40.788,1,8,1.78,-13.3,-0.59
665,40.844,1,8,1.67,-12.9,-0.56
666,40.903,1,8,1.64,-12.7,-0.56
667,40.969,1,8,1.66,-12.3,-0.54
668,41.025,1,8,1.62,-12.1,-0.54
669,41.126,1,8,1.54,-12.1,-0.51
670,41.144,1,8,1.51,-11.8,-0.51
671,41.225,1,8,1.53,-11.3,-0.46
672,41.284,1,8,1.45,-11.0,-0.46
673,41.329,1,8,1.5,-10.8,-0.4
674,41.383,1,8,1.47,-10.6,-0.4
675,41.437,1,8,1.47,-10.4,-0.38
676,41.494,1,8,1.44,-10.0,-0.35
677,41.552,1,8,1.41,-9.7,-0.32
678,41.605,1,8,1.41,-9.6,-0.29
679,41.66,1,8,1.38,-9.3,-0.26
680,41.719,1,8,1.38,-9.2,-0.24
681,41.781,1,8,1.3,-9.1,-0.24
682,41.837,1,8,1.34,-8.8,-0.21
683,41.892,1,8,1.31,-8.5,-0.18
684,41.95,1,8,1.31,-8.4,-0.17
685,42.025,1,8,1.31,-8.1,-0.12
686,42.065,1,8,1.28,-7.7,-0.09
687,42.128,1,8,1.28,-7.4,-0.03
688,42.215,1,8,1.28,-7.3,-0.01
689,42.248,1,8,1.21,-7.0,0.03
690,42.304,1,8,1.21,-6.7,0.07
691,42.367,1,7,1.21,-6.3,0.12
692,42.436,1,7,1.21,-6.1,0.15
693,42.494,1,7,1.25,-5.8,0.2
694,42.55,1,8,1.25,-5.6,0.24
695,42.6,1,7,1.25,-5.1,0.29
696,42.652,1,8,1.25,-5.0,0.35
697,42.71,1,8,1.25,-4.8,0.38
698,42.761,1,8,1.25,-4.5,0.4
699,42.82,1,8,1.25,-4.2,0.46
700,42.882,1,8,1.25,-4.1,0.49
701,42.944,1,8,1.21,-3.6,0.57
702,43.004,1,8,1.21,-3.1,0.69
703,43.06,1,8,1.24,-2.7,0.78
704,43.124,1,8,1.24,-2.2,0.87
705,43.225,1,7,1.24,-1.7,0.92
706,43.235,1,8,1.27,-1.3,0.99
707,43.296,1,8,1.34,-0.9,1.02
708,43.364,1,8,1.3,-0.7,1.1
709,43.414,1,8,1.3,-0.2,1.18
710,43.467,1,8,1.33,0.0,1.24
711,43.53,1,8,1.33,-0.1,1.18
712,43.585,1,8,1.3,0.0,1.21
713,43.641,1,8,1.3,0.0,1.21
714,43.699,1,8,1.3,-0.2,1.18
715,43.765,1,8,1.3,-0.2,1.18
716,43.816,1,8,1.34,-0.1,1.18
717,43.876,1,8,1.27,-0.1,1.21
718,43.941,1,8,1.27,-0.0,1.24
719,43.991,1,8,1.27,0.1,1.27
720,44.054,1,8,1.24,0.2,1.33
721,44.129,1,8,1.24,0.6,1.77
722,44.161,1,7,1.3,2.2,1.68
723,44.227,1,6,1.3,-0.5,1.07
724,44.282,1,6,1.3,4.9,1.98
725,44.341,1,6,1.3,6.1,2.11
726,44.399,1,6,1.3,7.8,2.3
727,44.46,1,7,1.33,9.4,2.55
728,44.524,1,5,1.33,0.2,1.3
729,44.571,1,7,1.33,11.8,2.82
730,44.624,1,6,1.36,13.4,3.2
731,44.686,1,6,1.36,14.3,3.33
732,44.746,1,6,1.33,16.1,3.47
733,44.805,1,4,1.4,2.5,2.02
734,44.862,1,4,1.36,19.6,3.98
735,44.928,1,4,1.43,20.4,5.25
736,44.995,1,4,1.43,20.6,5.76
737,45.134,1,4,1.43,20.8,6.38
738,45.156,1,4,1.43,20.8,6.38
739,45.222,1,4,1.43,20.7,6.05
740,45.262,1,4,1.43,20.7,5.76
741,45.33,1,4,1.43,20.6,5.49
742,45.378,1,4,1.43,20.6,5.76
743,45.433,1,4,1.43,20.6,5.76
744,45.492,1,4,1.43,20.5,5.76
745,45.55,1,4,1.43,20.6,5.76
746,45.606,1,4,1.43,20.6,5.49
747,45.674,1,4,1.43,20.6,5.49
748,45.723,1,4,1.43,20.6,5.76
749,45.784,1,4,1.43,20.6,5.76
750,45.841,1,4,1.43,20.6,5.49
751,45.899,1,4,1.43,20.6,5.76
752,45.961,1,4,1.43,20.6,5.76
753,46.019,1,4,1.43,20.6,5.49
754,46.122,1,4,1.43,20.6,5.49
755,46.133,1,4,1.43,20.7,6.05
756,46.205,1,4,1.43,20.7,5.76
757,46.241,1,4,1.43,20.7,6.05
758,46.305,1,4,1.43,20.7,6.05
759,46.364,1,4,1.43,20.8,6.38
760,46.428,1,4,1.43,20.7,6.05
761,46.491,1,4,1.36,20.8,6.05
762,46.539,1,5,1.33,20.3,5.76
763,46.594,1,4,1.27,21.1,5.02
764,46.661,1,4,1.19,21.2,4.28
765,46.723,1,5,1.12,22.0,4.12
766,46.782,1,5,1.09,22.6,4.28
767,46.847,1,5,1.09,23.1,5.02
768,46.899,1,5,0.98,27.0,6.05
769,46.954,1,3,1.0,18.4,1.49
770,47.019,1,6,0.98,21.0,4.8
771,47.124,1,5,1.0,21.8,5.45
772,47.15,1,6,0.97,25.0,3.84
773,47.256,1,7,0.94,26.0,4.62
774,47.26,1,6,0.89,26.5,5.49
775,47.319,1,7,0.89,26.6,6.05
776,47.385,1,7,0.91,26.8,6.73
777,47.437,1,5,0.91,27.0,3.8
778,47.515,1,6,0.89,28.0,3.0
779,47.579,1,6,0.87,28.0,3.18
780,47.636,1,4,0.76,26.0,3.72
781,47.704,1,5,1.62,27.1,3.72
782,47.759,1,5,1.69,26.6,4.12
783,47.824,1,4,1.72,27.0,4.12
784,47.872,1,4,1.85,26.5,4.28
785,47.927,1,5,1.08,25.7,4.62
786,47.986,1,4,1.98,25.7,4.82
787,48.05,1,4,2.01,25.6,5.02
788,48.129,1,3,1.24,25.1,2.71
789,48.162,1,3,1.31,24.9,2.73
790,48.234,1,5,1.36,24.5,5.02
791,48.294,1,4,1.36,23.6,4.3
792,48.365,1,5,1.36,24.5,5.02
793,48.426,1,5,1.36,24.4,4.82
794,48.479,1,5,1.37,24.3,4.28
795,48.549,1,5,1.37,24.3,4.28
796,48.607,1,5,1.32,24.1,3.6
797,48.667,1,6,1.33,22.0,6.73
798,48.729,1,7,1.28,21.8,4.62
799,48.781,1,7,1.23,21.2,3.98
800,48.835,1,7,1.2,19.8,5.76
801,48.894,1,8,1.15,19.4,3.84
802,48.958,1,8,1.1,18.0,3.92
803,49.012,1,8,1.02,17.3,3.91
804,49.124,1,6,0.92,16.4,3.59
805,49.128,1,6,0.86,15.1,3.4
806,49.226,1,6,0.68,13.8,3.07
807,49.237,1,6,0.63,13.1,3.0
808,49.294,1,6,0.5,11.7,2.49
809,49.349,1,5,0.72,11.0,2.26
810,49.409,1,5,0.55,9.2,1.85
811,49.459,1,5,0.38,7.8,1.49
812,49.518,1,7,0.26,6.6,1.27
813,49.572,1,7,0.22,6.2,1.19
814,49.636,1,7,0.1,5.0,0.87
815,49.69,1,7,-0.03,3.9,0.58
816,49.746,1,8,-0.2,2.9,0.32
817,49.812,1,8,-0.25,2.3,0.17
818,49.87,1,8,-0.3,1.3,-0.06
819,49.932,1,8,-0.43,0.7,-0.21
820,49.992,1,8,-0.43,0.4,-0.26
821,50.046,1,8,-0.4,-0.0,-0.32
822,50.132,1,8,-0.43,0.5,-0.2
823,50.17,1,7,-0.43,1.6,-0.06
824,50.231,1,7,-0.38,2.3,0.09
825,50.324,1,7,-0.4,3.1,0.2
826,50.347,1,7,-0.4,3.5,0.29
827,50.419,1,6,-0.38,4.5,0.4
828,50.469,1,6,-0.4,5.3,0.49
829,50.532,1,6,-0.46,6.3,0.54
830,50.586,1,6,-0.51,7.4,0.62
831,50.64,1,6,-0.48,8.0,0.71
832,50.695,1,6,-0.48,9.4,0.92
833,50.763,1,6,-0.69,13.0,1.12
834,50.831,1,7,-0.54,12.3,1.3
835,50.892,1,6,-0.72,14.7,1.29
836,50.952,1,6,-0.75,15.0,1.38
837,51.012,1,5,-0.75,15.0,1.37
838,51.078,1,6,-0.68,13.6,1.37
839,51.137,1,4,-0.78,14.5,1.38
840,51.226,1,5,-0.78,13.2,1.29
841,51.255,1,5,-0.85,12.8,1.26
842,51.316,1,6,-0.82,12.4,1.18
843,51.376,1,6,-0.82,12.2,1.15
844,51.425,1,5,-0.67,12.0,1.07
845,51.484,1,5,-0.67,11.3,0.96
846,51.539,1,6,-0.82,10.7,0.9
847,51.595,1,5,-0.84,10.0,0.82
848,51.658,1,7,-0.79,9.5,0.74
849,51.723,1,5,-0.72,9.4,0.68
850,51.786,1,5,0.05,5.1,0.57
851,51.853,1,5,0.04,4.4,0.46
852,51.916,1,4,-0.78,6.6,0.35
853,51.97,1,3,-0.79,6.7,0.21
854,52.03,1,4,0.0,1.7,0.09
855,52.09,1,3,-0.83,5.4,-0.09
856,52.146,1,4,-0.9,5.4,-0.14
857,52.225,1,5,-0.88,4.6,-0.28
858,52.265,1,5,-1.0,4.0,-0.4
859,52.326,1,5,-1.09,3.3,-0.58
860,52.37,1,5,-1.12,2.8,-0.63
861,52.431,1,5,-1.12,2.2,-0.78
862,52.49,1,4,-1.19,1.5,-0.97
863,52.547,1,4,-1.18,1.0,-1.09
864,52.599,1,5,-1.33,-0.0,-1.33
865,52.657,1,4,-1.43,-0.8,-1.57
866,52.715,1,4,-1.45,-1.2,-1.67
867,52.778,1,4,-1.38,-1.5,-1.69
868,52.827,1,4,-1.33,-1.3,-1.6
869,52.887,1,4,-1.3,-1.3,-1.54
870,52.94,1,5,-1.24,-1.7,-1.54
871,53.002,1,4,-1.27,-1.6,-1.54
872,53.06,1,4,-1.18,-1.7,-1.59
873,53.121,1,4,-1.18,-1.8,-1.54
874,53.169,1,4,-1.18,-2.1,-1.6
875,53.239,1,4,-1.21,-2.4,-1.59
876,53.329,1,4,-1.15,-2.7,-1.57
877,53.369,1,5,-1.19,-3.3,-1.58
878,53.429,1,5,-1.19,-3.4,-1.61
879,53.485,1,5,-1.19,-3.8,-1.64
880,53.545,1,4,-1.16,-4.6,-1.75
881,53.596,1,4,-1.16,-5.5,-1.9
882,53.659,1,4,-1.1,-7.1,-2.11
883,53.719,1,4,-1.12,-8.1,-2.21
884,53.779,1,4,-1.16,-9.7,-2.57
885,53.842,1,4,-1.09,-11.4,-2.68
886,53.905,1,5,-1.06,-13.5,-2.81
887,53.969,1,4,-1.09,-13.8,-3.01
888,54.026,1,5,-1.09,-15.0,-3.23
889,54.099,1,5,-1.06,-15.3,-3.18
890,54.224,1,5,-1.06,-15.4,-3.18
891,54.226,1,6,-1.04,-19.4,-3.21
892,54.29,1,5,-1.06,-15.4,-3.18
893,54.348,1,4,-1.06,-14.9,-3.18
894,54.399,1,4,-1.06,-14.8,-3.29
895,54.456,1,4,-1.06,-14.8,-3.05
896,54.518,1,4,-1.06,-14.8,-3.05
897,54.581,1,4,-1.06,-14.8,-3.05
898,54.63,1,5,-1.03,-15.1,-3.12
899,54.714,1,5,-1.0,-15.4,-3.12
900,54.744,1,5,-0.97,-15.4,-3.1
901,54.802,1,5,-0.94,-19.2,-3.04
902,54.866,1,5,0.09,-17.1,-3.2
903,54.922,1,5,0.04,-17.1,-3.1
904,54.99,1,4,-0.97,-15.0,-3.1
905,55.051,1,4,-0.97,-15.0,-3.1
906,55.112,1,4,-0.97,-15.0,-3.1
907,55.226,1,4,-0.97,-15.0,-3.1
908,55.242,1,4,-0.97,-15.1,-3.0
909,55.299,1,4,-0.97,-15.0,-3.1
910,55.355,1,4,-0.97,-15.0,-3.1
911,55.411,1,4,-0.97,-15.0,-3.1
912,55.473,1,4,-0.97,-15.0,-3.1
913,55.546,1,4,-0.97,-15.0,-3.1
914,55.586,1,4,-0.97,-15.0,-3.1
915,55.653,1,4,-0.97,-15.1,-3.0
916,55.711,1,4,-0.97,-15.0,-3.1
917,55.768,1,4,-0.97,-15.0,-3.1
918,55.825,1,4,-0.97,-15.0,-3.1
919,55.889,1,4,-0.97,-15.0,-3.1
920,55.955,1,4,-0.97,-15.0,-3.1
921,56.015,1,4,-0.94,-15.0,-3.07
922,56.08,1,4,-0.94,-14.6,-3.01
923,56.139,1,4,-0.94,-14.4,-2.99
924,56.231,1,4,-0.91,-14.4,-2.96
925,56.259,1,4,-0.91,-14.4,-2.96
926,56.339,1,4,-0.91,-14.2,-2.93
927,56.39,1,4,-0.91,-14.0,-2.9
928,56.441,1,4,-0.89,-14.0,-2.88
929,56.501,1,4,-0.89,-13.7,-2.82
930,56.574,1,4,-0.89,-13.7,-2.82
931,56.639,1,4,-0.89,-13.5,-2.79
932,56.703,1,4,-0.85,-13.4,-2.76
933,56.756,1,4,-0.85,-13.3,-2.74
934,56.808,1,4,-0.85,-13.0,-2.71
935,56.865,1,4,-0.85,-13.0,-2.71
936,56.926,1,4,-0.85,-13.2,-2.74
937,56.985,1,4,-0.89,-13.1,-2.86
938,57.036,1,4,-0.89,-13.2,-2.76
939,57.103,1,4,-0.89,-13.2,-2.76
940,57.231,1,4,-0.89,-13.2,-2.76
941,57.232,1,4,-0.89,-13.2,-2.76
942,57.323,1,4,-0.89,-13.2,-2.76
943,57.348,1,4,-0.89,-13.2,-2.76
944,57.461,1,4,-0.89,-13.2,-2.76
945,57.475,1,4,-0.89,-13.2,-2.76
946,57.565,1,4,-0.89,-13.2,-2.76
947,57.604,1,4,-0.89,-13.2,-2.76
948,57.662,1,4,-0.89,-13.2,-2.76
949,57.83,1,4,-0.89,-13.2,-2.76
950,57.831,1,4,-0.89,-13.2,-2.76
951,57.835,1,4,-0.89,-13.2,-2.76
952,57.904,1,4,-0.89,-13.2,-2.76
953,58.097,1,4,-0.89,-13.2,-2.76
954,58.099,1,4,-0.89,-13.2,-2.76
955,58.1,1,4,-0.89,-13.2,-2.76
956,58.138,1,4,-0.89,-13.0,-2.74
957,58.369,1,4,-0.89,-13.1,-2.86
958,58.37,1,4,-0.89,-13.1,-2.86
959,58.371,1,4,-0.91,-13.2,-2.74
960,58.392,1,4,-0.85,-13.1,-2.71
961,58.448,1,5,-0.84,-13.6,-2.68
962,58.636,1,4,-0.75,-13.2,-2.68
963,58.637,1,4,-0.65,-13.4,-2.54
964,58.638,1,4,-0.61,-13.5,-2.62
965,58.686,1,4,-0.58,-13.9,-2.65
966,58.735,1,4,-0.55,-14.5,-2.6
967,58.789,1,4,-0.56,-14.8,-2.62
968,58.841,1,5,-0.53,-15.0,-2.65
969,58.898,1,5,-0.46,-15.8,-2.71
970,59.066,1,5,-0.43,-16.0,-2.74
971,59.067,1,6,-0.4,-17.1,-2.8
972,59.07,1,5,-0.34,-15.8,-2.68
973,59.133,1,6,-0.31,-16.4,-2.62
974,59.335,1,6,-0.22,-17.1,-2.53
975,59.336,1,5,-0.2,-14.4,-2.34
976,59.337,1,6,-0.21,-14.5,-2.17
977,59.357,1,6,-0.21,-13.1,-1.9
978,59.409,1,5,-0.21,-11.2,-1.85
979,59.604,1,5,-0.21,-9.6,-1.62
980,59.605,1,5,-0.21,-9.0,-1.46
981,59.606,1,5,-0.25,-8.3,-1.38
982,59.638,1,5,-0.28,-8.2,-1.44
983,59.7,1,4,-0.28,-8.3,-1.47
984,59.873,1,4,-0.32,-8.4,-1.5
985,59.874,1,4,-0.32,-8.5,-1.46
986,59.875,1,4,-0.32,-8.5,-1.53
987,59.944,1,4,-0.32,-8.5,-1.53
988,59.991,1,4,-0.32,-8.5,-1.53
989,60.049,1,4,-0.32,-8.5,-1.53
990,60.109,1,4,-0.32,-8.5,-1.46
991,60.163,1,5,-0.35,-8.3,-1.49
992,60.23,1,5,-0.38,-8.4,-1.59
993,60.269,1,5,-0.46,-8.2,-1.57
994,60.324,1,5,-0.49,-8.1,-1.64
995,60.402,1,5,-0.54,-7.7,-1.62
996,60.432,1,6,-0.12,-13.6,-1.62
997,60.483,1,6,-0.12,-13.9,-1.65
998,60.543,1,6,-0.62,-9.7,-1.68
999,60.603,1,6,-0.65,-9.7,-1.71
1000,60.653,1,6,-0.68,-9.6,-1.71
1001,60.708,1,6,-0.68,-9.5,-1.71
1002,60.767,1,6,-0.71,-9.3,-1.71
1003,60.828,1,5,-0.68,-6.9,-1.73
1004,60.884,1,6,-0.62,-8.2,-1.54
1005,60.942,1,5,-0.62,-5.8,-1.53
1006,60.995,1,5,-0.6,-5.7,-1.47
1007,61.051,1,5,-0.61,-5.4,-1.38
1008,61.106,1,5,-0.54,-4.8,-1.3
1009,61.173,1,5,-0.55,-4.6,-1.21
1010,61.224,1,5,-0.52,-4.3,-1.05
1011,61.324,1,4,-0.49,-3.8,-0.87
1012,61.336,1,4,-0.43,-2.8,-0.81
1013,61.414,1,4,-0.4,-2.1,-0.69
1014,61.442,1,6,-0.38,-2.7,-0.59
1015,61.501,1,6,-0.29,-3.4,-0.42
1016,61.554,1,5,-0.26,-0.7,-0.32
1017,61.616,1,4,-0.21,-0.4,-0.26
1018,61.672,1,6,-0.16,0.1,-0.15
1019,61.727,1,6,-0.14,0.5,-0.08
1020,61.788,1,6,-0.09,0.5,-0.04
1021,61.859,1,4,-0.03,1.1,0.09
1022,61.914,1,5,0.01,0.3,0.08
1023,61.972,1,5,0.03,0.2,0.08
1024,62.029,1,5,0.03,-0.2,0.05
1025,62.081,1,4,0.03,-0.6,0.0
1026,62.147,1,4,0.0,-0.5,-0.01
1027,62.196,1,4,0.03,-0.9,-0.02
1028,62.25,1,4,0.06,-1.3,-0.02
1029,62.325,1,4,0.06,-1.3,-0.01
1030,62.365,1,4,0.06,-1.3,-0.01
1031,62.427,1,4,0.06,-1.3,-0.01
1032,62.483,1,4,0.06,-1.3,-0.01
1033,62.541,1,4,0.06,-1.3,-0.01
1034,62.608,1,4,0.06,-1.3,-0.01
1035,62.659,1,4,0.06,-1.4,-0.02
1036,62.722,1,4,0.06,-1.3,-0.01
1037,62.782,1,4,0.06,-1.4,-0.02
1038,62.837,1,4,0.06,-1.5,-0.02
1039,62.898,1,4,0.06,-1.5,-0.02
1040,62.956,1,4,0.06,-1.1,-0.01
1041,63.021,1,4,0.06,-1.5,-0.02
1042,63.07,1,4,0.06,-1.5,-0.02
1043,63.122,1,4,0.06,-1.4,-0.02
1044,63.181,1,4,0.06,-1.4,-0.02
1045,63.241,1,4,0.06,-1.3,-0.02
1046,63.329,1,4,0.06,-1.4,-0.02
1047,63.362,1,4,0.06,-1.4,-0.02
1048,63.426,1,4,0.06,-1.3,-0.01
1049,63.49,1,4,0.06,-1.3,-0.01
1050,63.533,1,4,0.06,-1.3,-0.01
1051,63.596,1,4,0.06,-1.5,-0.02
1052,63.652,1,4,0.06,-1.3,-0.01
1053,63.714,1,4,0.06,-1.4,-0.02
1054,63.769,1,4,0.06,-1.1,0.0
1055,63.837,1,4,0.06,-1.6,-0.03
1056,63.896,1,4,0.06,-1.4,-0.02
1057,63.949,1,4,0.06,-1.6,-0.03
1058,64.017,1,4,0.06,-1.4,-0.02
1059,64.064,1,4,0.06,-1.2,-0.01
1060,64.121,1,4,0.06,-1.3,-0.01
1061,64.186,1,4,0.06,-1.6,-0.02
1062,64.326,1,4,0.06,-1.4,-0.02
1063,64.33,1,4,0.06,-1.4,-0.02
1064,64.362,1,4,0.06,-1.5,-0.02
1065,64.428,1,4,0.06,-1.5,-0.02
1066,64.476,1,4,0.06,-1.5,-0.02
1067,64.528,1,4,0.06,-1.4,-0.01
1068,64.591,1,4,0.06,-1.3,-0.02
1069,64.656,1,4,0.06,-1.4,-0.02
1070,64.718,1,4,0.06,-1.4,-0.02
1071,64.773,1,4,0.06,-1.4,-0.02
1072,64.837,1,4,0.06,-1.3,-0.01
1073,64.888,1,4,0.06,-1.5,-0.02
1074,64.963,1,4,0.06,-1.4,-0.02
1075,65.025,1,4,0.06,-1.2,-0.01
1076,65.09,1,4,0.06,-1.2,-0.01
1077,65.147,1,4,0.06,-1.1,-0.01
1078,65.204,1,4,0.06,-1.4,-0.01
1079,65.327,1,4,0.06,-1.3,-0.01
1080,65.333,1,4,0.06,-1.3,-0.01
1081,65.413,1,4,0.06,-1.6,-0.02
1082,65.444,1,4,0.06,-1.4,-0.01
1083,65.498,1,4,0.06,-1.3,-0.01
1084,65.559,1,4,0.06,-1.4,-0.02
1085,65.617,1,4,0.06,-1.1,0.0
1086,65.684,1,4,0.06,-1.6,-0.02
1087,65.744,1,4,0.06,-1.3,-0.01
1088,65.804,1,4,0.06,-1.1,0.0
1089,65.867,1,4,0.06,-1.6,-0.02
1090,65.92,1,4,0.06,-1.4,-0.02
1091,65.975,1,4,0.06,-1.5,-0.02
1092,66.034,1,4,0.06,-1.3,-0.01
1093,66.102,1,4,0.06,-1.6,-0.02
1094,66.161,1,4,0.06,-1.5,-0.02
1095,66.228,1,4,0.06,-1.3,-0.01
1096,66.326,1,4,0.06,-1.1,0.0
1097,66.341,1,4,0.06,-1.2,-0.01
1098,66.441,1,4,0.06,-1.3,-0.01
1099,66.46,1,4,0.06,-1.1,0.0
1100,66.515,1,4,0.06,-1.2,-0.01
1101,66.581,1,4,0.06,-1.3,-0.01
1102,66.663,1,4,0.06,-1.1,0.0
1103,66.692,1,4,0.06,-1.3,-0.01
1104,66.749,1,4,0.06,-1.4,-0.02
1105,66.813,1,4,0.06,-1.4,-0.02
1106,66.88,1,4,0.06,-1.5,-0.03
1107,66.931,1,4,0.06,-1.3,-0.01
1108,66.992,1,4,0.06,-1.4,-0.02
1109,67.048,1,4,0.06,-1.6,-0.03
1110,67.102,1,4,0.06,-1.5,-0.02
