frame,time_s
0,0.410
1,0.467
2,0.536
3,0.656
4,1.375
5,1.422
6,1.483
7,1.548
8,1.723
9,1.727
10,1.759
11,1.789
12,1.855
13,1.890
14,1.962
15,2.016
16,2.074
17,2.138
18,2.194
19,2.255
20,2.315
21,2.382
22,2.436
23,2.502
24,2.563
25,2.625
26,2.733
27,2.746
28,2.832
29,2.868
30,2.932
31,2.994
32,3.053
33,3.114
34,3.182
35,3.237
36,3.298
37,3.355
38,3.425
39,3.490
40,3.542
41,3.626
42,3.728
43,3.736
44,3.818
45,3.851
46,3.911
47,3.972
48,4.039
49,4.102
50,4.158
51,4.219
52,4.282
53,4.345
54,4.404
55,4.466
56,4.527
57,4.591
58,4.650
59,4.734
60,4.825
61,4.837
62,4.890
63,4.963
64,5.026
65,5.084
66,5.141
67,5.205
68,5.267
69,5.333
70,5.387
71,5.455
72,5.509
73,5.576
74,5.634
75,5.728
76,5.751
77,5.836
78,5.881
79,5.935
80,5.994
81,6.059
82,6.120
83,6.172
84,6.230
85,6.291
86,6.360
87,6.410
88,6.477
89,6.542
90,6.600
91,6.736
92,6.743
93,6.794
94,6.843
95,6.905
96,6.975
97,7.029
98,7.090
99,7.149
100,7.212
101,7.272
102,7.324
103,7.392
104,7.458
105,7.519
106,7.579
107,7.730
108,7.740
109,7.764
110,7.831
111,7.908
112,7.956
113,8.039
114,8.100
115,8.152
116,8.236
117,8.292
118,8.341
119,8.400
120,8.470
121,8.530
122,8.593
123,8.748
124,8.757
125,8.818
126,8.835
127,8.892
128,8.956
129,9.014
130,9.082
131,9.133
132,9.187
133,9.248
134,9.305
135,9.365
136,9.431
137,9.485
138,9.544
139,9.600
140,9.724
141,9.730
142,9.820
143,9.832
144,9.889
145,9.954
146,10.021
147,10.079
148,10.148
149,10.208
150,10.271
151,10.330
152,10.394
153,10.457
154,10.515
155,10.571
156,10.629
157,10.725
158,10.763
159,10.829
160,10.896
161,10.965
162,11.016
163,11.078
164,11.134
165,11.202
166,11.257
167,11.318
168,11.375
169,11.425
170,11.480
171,11.541
172,11.606
173,11.675
174,11.723
175,11.825
176,11.843
177,11.921
178,11.973
179,12.028
180,12.096
181,12.158
182,12.232
183,12.300
184,12.353
185,12.417
186,12.472
187,12.542
188,12.598
189,12.657
190,12.726
191,12.823
192,12.833
193,12.913
194,12.954
195,13.018
196,13.074
197,13.139
198,13.197
199,13.259
200,13.323
201,13.387
202,13.441
203,13.500
204,13.559
205,13.627
206,13.683
207,13.741
208,13.829
209,13.865
210,13.924
211,13.981
212,14.040
213,14.095
214,14.172
215,14.226
216,14.310
217,14.348
218,14.406
219,14.464
220,14.522
221,14.586
222,14.646
223,14.723
224,14.823
225,14.850
226,14.924
227,14.961
228,15.015
229,15.074
230,15.132
231,15.188
232,15.246
233,15.306
234,15.372
235,15.439
236,15.491
237,15.582
238,15.625
239,15.689
240,15.750
241,15.828
242,15.923
243,15.934
244,16.003
245,16.068
246,16.129
247,16.192
248,16.247
249,16.307
250,16.373
251,16.436
252,16.498
253,16.552
254,16.608
255,16.665
256,16.718
257,16.825
258,16.830
259,16.896
260,16.941
261,16.997
262,17.058
263,17.114
264,17.169
265,17.230
266,17.289
267,17.341
268,17.398
269,17.454
270,17.510
271,17.566
272,17.624
273,17.687
274,17.829
275,17.830
276,17.869
277,17.923
278,17.983
279,18.048
280,18.102
281,18.169
282,18.227
283,18.282
284,18.346
285,18.394
286,18.456
287,18.510
288,18.575
289,18.636
290,18.687
291,18.827
292,18.828
293,18.859
294,18.920
295,18.984
296,19.036
297,19.095
298,19.152
299,19.210
300,19.264
301,19.322
302,19.390
303,19.435
304,19.507
305,19.549
306,19.608
307,19.672
308,19.736
309,19.822
310,19.868
311,19.933
312,20.001
313,20.060
314,20.120
315,20.173
316,20.229
317,20.295
318,20.341
319,20.401
320,20.458
321,20.529
322,20.584
323,20.632
324,20.693
325,20.746
326,20.829
327,20.861
328,20.934
329,21.018
330,21.041
331,21.098
332,21.151
333,21.210
334,21.264
335,21.325
336,21.386
337,21.446
338,21.504
339,21.565
340,21.617
341,21.672
342,21.733
343,21.824
344,21.842
345,21.925
346,21.963
347,22.020
348,22.076
349,22.158
350,22.211
351,22.273
352,22.333
353,22.387
354,22.445
355,22.501
356,22.561
357,22.627
358,22.690
359,22.753
360,22.834
361,22.864
362,22.925
363,23.016
364,23.033
365,23.087
366,23.144
367,23.204
368,23.258
369,23.313
370,23.368
371,23.424
372,23.510
373,23.554
374,23.608
375,23.672
376,23.730
377,23.786
378,23.845
379,23.926
380,23.954
381,24.023
382,24.084
383,24.144
384,24.202
385,24.260
386,24.320
387,24.384
388,24.447
389,24.507
390,24.566
391,24.624
392,24.690
393,24.778
394,24.813
395,24.924
396,24.935
397,25.026
398,25.065
399,25.125
400,25.182
401,25.243
402,25.306
403,25.369
404,25.426
405,25.485
406,25.544
407,25.611
408,25.668
409,25.728
410,25.785
411,25.926
412,25.935
413,25.970
414,26.032
415,26.122
416,26.153
417,26.229
418,26.266
419,26.328
420,26.380
421,26.440
422,26.498
423,26.551
424,26.607
425,26.667
426,26.727
427,26.783
428,26.935
429,26.938
430,26.970
431,27.023
432,27.083
433,27.145
434,27.204
435,27.266
436,27.329
437,27.389
438,27.454
439,27.507
440,27.561
441,27.626
442,27.688
443,27.755
444,27.815
445,27.928
446,27.933
447,28.014
448,28.072
449,28.116
450,28.171
451,28.230
452,28.291
453,28.347
454,28.408
455,28.470
456,28.553
457,28.594
458,28.648
459,28.706
460,28.763
461,28.822
462,28.925
463,28.940
464,29.024
465,29.061
466,29.124
467,29.182
468,29.247
469,29.304
470,29.367
471,29.437
472,29.496
473,29.560
474,29.620
475,29.685
476,29.742
477,29.800
478,29.861
479,29.927
480,30.025
481,30.054
482,30.120
483,30.175
484,30.230
485,30.286
486,30.346
487,30.405
488,30.463
489,30.519
490,30.575
491,30.631
492,30.689
493,30.748
494,30.802
495,30.864
496,30.925
497,31.026
498,31.041
499,31.125
500,31.156
501,31.213
502,31.274
503,31.338
504,31.394
505,31.449
506,31.507
507,31.566
508,31.623
509,31.683
510,31.737
511,31.791
512,31.850
513,31.924
514,31.966
515,32.028
516,32.107
517,32.143
518,32.225
519,32.259
520,32.315
521,32.380
522,32.435
523,32.502
524,32.557
525,32.614
526,32.666
527,32.726
528,32.784
529,32.845
530,32.929
531,32.960
532,33.022
533,33.117
534,33.142
535,33.199
536,33.256
537,33.313
538,33.375
539,33.432
540,33.498
541,33.554
542,33.611
543,33.664
544,33.731
545,33.792
546,33.850
547,33.923
548,33.969
549,34.029
550,34.127
551,34.140
552,34.193
553,34.249
554,34.318
555,34.374
556,34.433
557,34.498
558,34.563
559,34.630
560,34.690
561,34.773
562,34.798
563,34.856
564,34.928
565,35.023
566,35.032
567,35.128
568,35.141
569,35.197
570,35.254
571,35.312
572,35.371
573,35.430
574,35.489
575,35.552
576,35.613
577,35.671
578,35.730
579,35.790
580,35.845
581,35.911
582,36.025
583,36.035
584,36.100
585,36.149
586,36.212
587,36.273
588,36.330
589,36.388
590,36.445
591,36.504
592,36.561
593,36.618
594,36.672
595,36.728
596,36.786
597,36.845
598,36.903
599,37.025
600,37.030
601,37.109
602,37.152
603,37.213
604,37.273
605,37.336
606,37.400
607,37.455
608,37.511
609,37.569
610,37.624
611,37.682
612,37.736
613,37.798
614,37.853
615,37.912
616,38.024
617,38.034
618,38.119
619,38.151
620,38.207
621,38.267
622,38.325
623,38.390
624,38.447
625,38.507
626,38.572
627,38.630
628,38.712
629,38.740
630,38.806
631,38.861
632,38.917
633,39.025
634,39.028
635,39.124
636,39.150
637,39.213
638,39.265
639,39.332
640,39.388
641,39.451
642,39.507
643,39.568
644,39.618
645,39.679
646,39.773
647,39.804
648,39.861
649,39.916
650,40.024
651,40.027
652,40.124
653,40.145
654,40.200
655,40.258
656,40.322
657,40.386
658,40.434
659,40.494
660,40.571
661,40.607
662,40.664
663,40.727
664,40.788
665,40.844
666,40.903
667,40.969
668,41.025
669,41.126
670,41.144
671,41.225
672,41.284
673,41.329
674,41.383
675,41.437
676,41.494
677,41.552
678,41.605
679,41.660
680,41.719
681,41.781
682,41.837
683,41.892
684,41.950
685,42.025
686,42.065
687,42.128
688,42.215
689,42.248
690,42.304
691,42.367
692,42.436
693,42.494
694,42.550
695,42.600
696,42.652
697,42.710
698,42.761
699,42.820
700,42.882
701,42.944
702,43.004
703,43.060
704,43.124
705,43.225
706,43.235
707,43.296
708,43.364
709,43.414
710,43.467
711,43.530
712,43.585
713,43.641
714,43.699
715,43.765
716,43.816
717,43.876
718,43.941
719,43.991
720,44.054
721,44.129
722,44.161
723,44.227
724,44.282
725,44.341
726,44.399
727,44.460
728,44.524
729,44.571
730,44.624
731,44.686
732,44.746
733,44.805
734,44.862
735,44.928
736,44.995
737,45.134
738,45.156
739,45.222
740,45.262
741,45.330
742,45.378
743,45.433
744,45.492
745,45.550
746,45.606
747,45.674
748,45.723
749,45.784
750,45.841
751,45.899
752,45.961
753,46.019
754,46.122
755,46.133
756,46.205
757,46.241
758,46.305
759,46.364
760,46.428
761,46.491
762,46.539
763,46.594
764,46.661
765,46.723
766,46.782
767,46.847
768,46.899
769,46.954
770,47.019
771,47.124
772,47.150
773,47.256
774,47.260
775,47.319
776,47.385
777,47.437
778,47.515
779,47.579
780,47.636
781,47.704
782,47.759
783,47.824
784,47.872
785,47.927
786,47.986
787,48.050
788,48.129
789,48.162
790,48.234
791,48.294
792,48.365
793,48.426
794,48.479
795,48.549
796,48.607
797,48.667
798,48.729
799,48.781
800,48.835
801,48.894
802,48.958
803,49.012
804,49.124
805,49.128
806,49.226
807,49.237
808,49.294
809,49.349
810,49.409
811,49.459
812,49.518
813,49.572
814,49.636
815,49.690
816,49.746
817,49.812
818,49.870
819,49.932
820,49.992
821,50.046
822,50.132
823,50.170
824,50.231
825,50.324
826,50.347
827,50.419
828,50.469
829,50.532
830,50.586
831,50.640
832,50.695
833,50.763
834,50.831
835,50.892
836,50.952
837,51.012
838,51.078
839,51.137
840,51.226
841,51.255
842,51.316
843,51.376
844,51.425
845,51.484
846,51.539
847,51.595
848,51.658
849,51.723
850,51.786
851,51.853
852,51.916
853,51.970
854,52.030
855,52.090
856,52.146
857,52.225
858,52.265
859,52.326
860,52.370
861,52.431
862,52.490
863,52.547
864,52.599
865,52.657
866,52.715
867,52.778
868,52.827
869,52.887
870,52.940
871,53.002
872,53.060
873,53.121
874,53.169
875,53.239
876,53.329
877,53.369
878,53.429
879,53.485
880,53.545
881,53.596
882,53.659
883,53.719
884,53.779
885,53.842
886,53.905
887,53.969
888,54.026
889,54.099
890,54.224
891,54.226
892,54.290
893,54.348
894,54.399
895,54.456
896,54.518
897,54.581
898,54.630
899,54.714
900,54.744
901,54.802
902,54.866
903,54.922
904,54.990
905,55.051
906,55.112
907,55.226
908,55.242
909,55.299
910,55.355
911,55.411
912,55.473
913,55.546
914,55.586
915,55.653
916,55.711
917,55.768
918,55.825
919,55.889
920,55.955
921,56.015
922,56.080
923,56.139
924,56.231
925,56.259
926,56.339
927,56.390
928,56.441
929,56.501
930,56.574
931,56.639
932,56.703
933,56.756
934,56.808
935,56.865
936,56.926
937,56.985
938,57.036
939,57.103
940,57.231
941,57.232
942,57.323
943,57.348
944,57.461
945,57.475
946,57.565
947,57.604
948,57.662
949,57.830
950,57.831
951,57.835
952,57.904
953,58.097
954,58.099
955,58.100
956,58.138
957,58.369
958,58.370
959,58.371
960,58.392
961,58.448
962,58.636
963,58.637
964,58.638
965,58.686
966,58.735
967,58.789
968,58.841
969,58.898
970,59.066
971,59.067
972,59.070
973,59.133
974,59.335
975,59.336
976,59.337
977,59.357
978,59.409
979,59.604
980,59.605
981,59.606
982,59.638
983,59.700
984,59.873
985,59.874
986,59.875
987,59.944
988,59.991
989,60.049
990,60.109
991,60.163
992,60.230
993,60.269
994,60.324
995,60.402
996,60.432
997,60.483
998,60.543
999,60.603
1000,60.653
1001,60.708
1002,60.767
1003,60.828
1004,60.884
1005,60.942
1006,60.995
1007,61.051
1008,61.106
1009,61.173
1010,61.224
1011,61.324
1012,61.336
1013,61.414
1014,61.442
1015,61.501
1016,61.554
1017,61.616
1018,61.672
1019,61.727
1020,61.788
1021,61.859
1022,61.914
1023,61.972
1024,62.029
1025,62.081
1026,62.147
1027,62.196
1028,62.250
1029,62.325
1030,62.365
1031,62.427
1032,62.483
1033,62.541
1034,62.608
1035,62.659
1036,62.722
1037,62.782
1038,62.837
1039,62.898
1040,62.956
1041,63.021
1042,63.070
1043,63.122
1044,63.181
1045,63.241
1046,63.329
1047,63.362
1048,63.426
1049,63.490
1050,63.533
1051,63.596
1052,63.652
1053,63.714
1054,63.769
1055,63.837
1056,63.896
1057,63.949
1058,64.017
1059,64.064
1060,64.121
1061,64.186
1062,64.326
1063,64.330
1064,64.362
1065,64.428
1066,64.476
1067,64.528
1068,64.591
1069,64.656
1070,64.718
1071,64.773
1072,64.837
1073,64.888
1074,64.963
1075,65.025
1076,65.090
1077,65.147
1078,65.204
1079,65.327
1080,65.333
1081,65.413
1082,65.444
1083,65.498
1084,65.559
1085,65.617
1086,65.684
1087,65.744
1088,65.804
1089,65.867
1090,65.920
1091,65.975
1092,66.034
1093,66.102
1094,66.161
1095,66.228
1096,66.326
1097,66.341
1098,66.441
1099,66.460
1100,66.515
1101,66.581
1102,66.663
1103,66.692
1104,66.749
1105,66.813
1106,66.880
1107,66.931
1108,66.992
1109,67.048
1110,67.102
