time_s,left,right
0.034,0,0
0.070,0,0
0.084,0,0
0.163,0,0
0.202,0,0
0.243,0,0
0.282,0,0
0.347,0,0
0.400,0,0
0.434,0,0
0.483,0,0
0.523,0,0
0.575,0,0
0.613,0,0
0.662,0,0
0.683,0,0
0.722,0,0
0.763,0,0
0.802,0,0
0.846,0,0
0.882,0,0
0.928,0,0
0.973,0,0
1.022,0,0
1.057,0,0
1.107,0,0
1.122,0,0
1.229,0,0
1.243,0,0
1.283,0,0
1.327,0,0
1.374,0,0
1.414,0,0
1.442,0,0
1.494,0,0
1.525,0,0
1.563,0,0
1.604,0,0
1.650,0,0
1.694,0,0
1.723,0,0
1.767,0,0
1.803,0,0
1.843,0,0
1.889,0,0
1.922,0,0
1.962,0,0
2.009,0,0
2.052,0,0
2.099,0,0
2.147,0,0
2.162,0,0
2.203,0,0
2.255,0,0
2.286,0,0
2.326,0,0
2.364,0,0
2.403,0,0
2.456,0,0
2.492,0,0
2.540,0,0
2.589,0,0
2.630,0,0
2.713,0,0
2.722,0,0
2.780,0,0
2.807,0,0
2.842,0,0
2.922,0,0
2.971,0,0
3.033,0,0
3.045,0,0
3.089,0,0
3.169,0,0
3.209,0,0
3.243,0,0
3.284,0,0
3.322,0,0
3.388,0,0
3.483,0,0
3.529,0,0
3.576,0,0
3.606,0,0
3.663,0,0
3.693,0,0
3.748,0,0
3.763,0,0
3.832,0,0
3.843,0,0
3.882,0,0
3.934,0,0
3.963,0,0
4.026,0,0
4.053,0,0
4.102,0,0
4.159,0,0
4.163,0,0
4.202,0,0
4.256,0,0
4.294,0,0
4.332,0,0
4.371,0,0
4.402,0,0
4.461,0,0
4.501,0,0
4.551,0,0
4.590,0,0
4.602,0,0
4.648,0,0
4.682,0,0
4.722,0,0
4.775,0,0
4.860,0,0
4.883,0,0
4.922,0,0
4.995,0,0
5.002,0,0
5.042,0,0
5.133,0,0
5.175,0,0
5.227,0,0
5.267,0,0
5.313,0,0
5.322,0,0
5.362,0,0
5.405,0,0
5.442,0,0
5.482,0,0
5.531,0,0
5.571,0,0
5.603,0,0
5.665,0,0
5.688,0,0
5.740,0,0
5.763,0,0
5.802,0,0
5.842,0,0
5.889,0,0
5.923,0,0
5.984,0,0
6.002,0,0
6.047,0,0
6.096,0,0
6.136,0,0
6.187,0,0
6.239,0,0
6.243,0,0
6.283,0,0
6.323,0,0
6.362,0,0
6.412,0,0
6.442,0,0
6.510,0,0
6.522,0,0
6.562,0,0
6.603,0,0
6.649,0,0
6.683,0,0
6.723,0,0
6.762,0,0
6.802,0,0
6.842,0,0
6.882,0,0
6.921,0,0
6.962,0,0
7.002,0,0
7.042,0,0
7.082,0,0
7.122,0,0
7.163,0,0
7.203,0,0
7.242,0,0
7.282,0,0
7.322,0,0
7.362,0,0
7.402,0,0
7.443,0,0
7.482,0,0
7.531,0,0
7.562,0,0
7.602,0,0
7.647,0,0
7.682,0,0
7.722,0,0
7.762,0,0
7.821,0,0
7.894,0,0
7.962,0,0
8.002,0,0
8.082,0,0
8.131,0,0
8.167,0,0
8.202,0,0
8.267,0,0
8.361,0,0
8.365,0,0
8.410,0,0
8.492,0,0
8.541,0,0
8.562,0,0
8.603,0,0
8.646,0,0
8.711,0,0
8.755,0,0
8.805,0,0
8.847,0,0
8.890,0,0
8.923,0,0
8.978,0,0
9.002,0,0
9.048,0,0
9.082,0,0
9.122,0,0
9.163,0,0
9.247,0,0
9.291,0,0
9.322,0,0
9.431,0,0
9.450,0,0
9.488,0,0
9.524,0,0
9.562,0,0
9.602,0,0
9.642,0,0
9.682,0,0
9.753,0,0
9.798,0,0
9.803,0,0
9.846,0,0
9.882,0,0
9.963,0,0
10.001,0,0
10.090,0,0
10.149,0,0
10.193,0,0
10.201,0,0
10.243,0,0
10.282,0,0
10.343,0,0
10.379,0,0
10.403,0,0
10.462,0,0
10.504,0,0
10.522,0,0
10.574,0,0
10.602,0,0
10.642,0,0
10.688,0,0
10.741,0,0
10.782,0,0
10.822,0,0
10.856,0,0
10.921,0,0
10.965,0,0
11.009,0,0
11.123,0,0
11.164,0,0
11.216,0,0
11.259,0,0
11.282,0,0
11.322,0,0
11.396,0,0
11.402,0,0
11.444,0,0
11.481,0,0
11.532,0,0
11.577,0,0
11.650,0,0
11.702,0,0
11.723,0,0
11.766,0,0
11.818,0,0
11.846,0,0
11.882,0,0
11.937,0,0
11.982,0,0
12.029,0,0
12.074,0,0
12.082,0,0
12.122,0,0
12.169,0,0
12.203,0,0
12.245,0,0
12.283,0,0
12.332,0,0
12.362,0,0
12.411,0,0
12.455,0,0
12.495,0,0
12.548,0,0
12.597,0,0
12.610,0,0
12.648,0,0
12.687,0,0
12.722,0,0
12.766,0,0
12.802,0,0
12.853,0,0
12.893,0,0
12.937,0,0
12.984,0,0
13.033,0,0
13.043,0,0
13.082,0,0
13.124,0,0
13.178,0,0
13.214,0,0
13.242,0,0
13.284,0,0
13.333,0,0
13.380,0,0
13.421,0,0
13.442,0,0
13.517,0,0
13.528,0,0
13.562,0,0
13.642,0,0
13.724,0,0
13.786,0,0
13.811,0,0
13.928,0,0
13.990,0,0
14.082,0,0
14.086,0,0
14.154,0,0
14.162,0,0
14.202,0,0
14.244,0,0
14.356,0,0
14.389,0,0
14.402,0,0
14.443,0,0
14.501,0,0
14.546,0,0
14.590,0,0
14.633,0,0
14.642,0,0
14.683,0,0
14.722,0,0
14.778,0,0
14.820,0,0
14.850,0,0
14.910,0,0
14.949,0,0
14.962,0,0
15.020,0,0
15.044,0,0
15.084,0,0
15.130,0,0
15.170,0,0
15.222,0,0
15.266,0,0
15.299,0,0
15.331,0,0
15.433,0,0
15.453,0,0
15.482,0,0
15.524,0,0
15.610,0,0
15.642,0,0
15.682,0,0
15.743,0,0
15.777,0,0
15.823,0,0
15.846,0,0
15.882,0,0
15.923,0,0
15.979,0,0
16.015,0,0
16.044,0,0
16.122,0,0
16.163,0,0
16.211,0,0
16.242,0,0
16.284,0,0
16.346,0,0
16.384,0,0
16.402,0,0
16.491,0,0
16.542,0,0
16.590,0,0
16.602,0,0
16.643,0,0
16.684,0,0
16.746,0,0
16.792,0,0
16.802,0,0
16.876,0,0
16.888,0,0
16.924,0,0
16.963,0,0
17.003,0,0
17.082,0,0
17.162,0,0
17.219,0,0
17.266,0,0
17.350,0,0
17.383,0,0
17.402,0,0
17.442,0,0
17.483,0,0
17.523,0,0
17.598,0,0
17.607,0,0
17.654,0,0
17.682,0,0
17.724,0,0
17.762,0,0
17.802,0,0
17.842,0,0
17.887,0,0
17.950,0,0
17.993,0,0
18.030,0,0
18.075,0,0
18.083,0,0
18.132,0,0
18.163,0,0
18.204,0,0
18.242,0,0
18.314,0,0
18.357,0,0
18.364,0,0
18.402,0,0
18.446,0,0
18.492,0,0
18.537,0,0
18.564,0,0
18.634,0,0
18.682,0,0
18.741,0,0
18.806,0,0
18.810,0,0
18.843,0,0
18.887,0,0
18.935,0,0
18.983,0,0
19.026,0,0
19.042,0,0
19.112,0,0
19.139,0,0
19.202,0,0
19.242,0,0
19.288,0,0
19.333,0,0
19.381,0,0
19.407,0,0
19.442,0,0
19.518,0,0
19.564,0,0
19.607,0,0
19.645,0,0
19.682,0,0
19.732,0,0
19.763,0,0
19.811,0,0
19.842,0,0
19.882,0,0
19.934,0,0
19.970,0,0
20.029,0,0
20.070,0,0
20.115,0,0
20.122,0,0
20.162,0,0
20.202,0,0
20.242,0,0
20.288,0,0
20.329,0,0
20.362,0,0
20.442,0,0
20.515,0,0
20.587,0,0
20.631,0,0
20.642,0,0
20.687,0,0
20.729,0,0
20.764,0,0
20.802,0,0
20.842,0,0
20.884,0,0
20.922,0,0
20.992,0,0
21.003,0,0
21.042,0,0
21.084,0,0
21.134,0,0
21.175,0,0
21.202,0,0
21.268,0,0
21.313,0,0
21.354,0,0
21.362,0,0
21.417,0,0
21.442,0,0
21.492,0,0
21.522,0,0
21.570,0,0
21.603,0,0
21.654,0,0
21.682,0,0
21.722,0,0
21.781,0,0
21.802,0,0
21.842,0,0
21.883,0,0
21.962,0,0
22.005,0,0
22.042,0,0
22.082,0,0
22.140,0,0
22.171,0,0
22.204,0,0
22.242,0,0
