time_s,source,dist_l_in,dist_r_in,dist_avg_in,speed_l_in_s,speed_r_in_s,enc_heading_deg,pitch_deg,roll_deg,yaw_deg,acc_x_g,acc_y_g,acc_z_g,note
0.008,IMU,0.0000,0.0000,0.0000,0.0000,0.0000,0.000,-3.638,-0.537,3.183,0.0459,-0.0098,0.9932,
0.020,ENC,0.0000,0.0000,0.0000,0.0000,0.0000,0.000,-3.638,-0.537,3.183,0.0459,-0.0098,0.9932,
0.028,IMU,0.0000,0.0000,0.0000,0.0000,0.0000,0.000,-3.630,-0.565,3.204,0.0513,-0.0088,0.9912,
0.043,ENC,0.0000,0.0000,0.0000,0.0000,0.0000,0.000,-3.630,-0.565,3.204,0.0513,-0.0088,0.9912,
0.060,ENC,0.0000,0.0000,0.0000,0.0000,0.0000,0.000,-3.630,-0.565,3.204,0.0513,-0.0088,0.9912,
0.067,IMU,0.0000,0.0000,0.0000,0.0000,0.0000,0.000,-3.652,-0.648,3.219,0.0645,-0.0039,1.0034,
0.080,ENC,0.0000,0.0000,0.0000,0.0000,0.0000,0.000,-3.652,-0.648,3.219,0.0645,-0.0039,1.0034,
0.088,IMU,0.0000,0.0000,0.0000,0.0000,0.0000,0.000,-3.642,-0.621,3.298,0.0537,-0.0044,0.9937,
0.101,ENC,0.0000,0.0000,0.0000,0.0000,0.0000,0.000,-3.642,-0.621,3.298,0.0537,-0.0044,0.9937,
0.108,IMU,0.0000,0.0000,0.0000,0.0000,0.0000,0.000,-3.632,-0.582,3.300,0.0571,-0.0005,1.0034,
0.121,ENC,0.0000,0.0000,0.0000,0.0000,0.0000,0.000,-3.632,-0.582,3.300,0.0571,-0.0005,1.0034,
0.128,IMU,0.0000,0.0000,0.0000,0.0000,0.0000,0.000,-3.608,-0.579,3.284,0.0664,0.0024,0.9932,
0.139,ENC,0.0000,0.0000,0.0000,0.0000,0.0000,0.000,-3.608,-0.579,3.284,0.0664,0.0024,0.9932,
0.159,IMU,0.0000,0.0000,0.0000,0.0000,0.0000,0.000,-3.609,-0.543,3.302,0.0503,-0.0049,1.0010,
0.162,ENC,0.0000,0.0000,0.0000,0.0000,0.0000,0.000,-3.609,-0.543,3.302,0.0503,-0.0049,1.0010,
0.170,IMU,0.0000,0.0000,0.0000,0.0000,0.0000,0.000,-3.625,-0.488,3.300,0.0664,0.0000,1.0000,
0.180,ENC,0.0000,0.0000,0.0000,0.0000,0.0000,0.000,-3.625,-0.488,3.300,0.0664,0.0000,1.0000,
0.188,IMU,0.0000,0.0000,0.0000,0.0000,0.0000,0.000,-3.586,-0.503,3.286,0.0547,-0.0029,0.9922,
0.200,ENC,0.0000,0.0000,0.0000,0.0000,0.0000,0.000,-3.586,-0.503,3.286,0.0547,-0.0029,0.9922,
0.209,IMU,0.0000,0.0000,0.0000,0.0000,0.0000,0.000,-3.628,-0.467,3.313,0.0640,0.0088,0.9951,
0.224,ENC,0.0000,0.0000,0.0000,0.0000,0.0000,0.000,-3.628,-0.467,3.313,0.0640,0.0088,0.9951,
0.229,IMU,0.0000,0.0000,0.0000,0.0000,0.0000,0.000,-3.575,-0.462,3.277,0.0474,0.0015,0.9951,
0.240,ENC,0.0000,0.0000,0.0000,0.0000,0.0000,0.000,-3.575,-0.462,3.277,0.0474,0.0015,0.9951,
0.248,IMU,0.0000,0.0000,0.0000,0.0000,0.0000,0.000,-3.604,-0.460,3.257,0.0566,0.0000,0.9956,
0.259,ENC,0.0000,0.0000,0.0000,0.0000,0.0000,0.000,-3.604,-0.460,3.257,0.0566,0.0000,0.9956,
0.272,IMU,0.0000,0.0000,0.0000,0.0000,0.0000,0.000,-3.597,-0.501,3.263,0.0518,-0.0127,0.9922,
0.279,ENC,0.0000,0.0000,0.0000,0.0000,0.0000,0.000,-3.597,-0.501,3.263,0.0518,-0.0127,0.9922,
0.289,IMU,0.0000,0.0000,0.0000,0.0000,0.0000,0.000,-3.604,-0.511,3.276,0.0483,-0.0098,0.9946,
0.302,ENC,0.0000,-0.0017,-0.0009,0.0000,-0.0852,-0.005,-3.604,-0.511,3.276,0.0483,-0.0098,0.9946,
0.309,IMU,0.0000,-0.0017,-0.0009,0.0000,-0.0852,-0.005,-3.610,-0.497,3.241,0.0527,-0.0303,1.0054,
0.332,IMU,0.0000,-0.0017,-0.0009,0.0000,-0.0852,-0.005,-3.594,-0.575,3.339,0.0254,-0.0605,0.9873,
0.341,ENC,0.0085,0.0187,0.0136,0.2131,0.5113,0.029,-3.594,-0.575,3.339,0.0254,-0.0605,0.9873,
0.350,IMU,0.0085,0.0187,0.0136,0.2131,0.5113,0.029,-3.552,-0.704,3.444,0.0381,-0.0811,1.0078,
0.359,ENC,0.0239,0.0614,0.0426,0.7670,2.1305,0.107,-3.552,-0.704,3.444,0.0381,-0.0811,1.0078,
0.368,IMU,0.0239,0.0614,0.0426,0.7670,2.1305,0.107,-3.558,-0.781,3.546,0.0664,-0.1079,1.0098,
0.381,ENC,0.0375,0.1295,0.0835,0.6818,3.4088,0.264,-3.558,-0.781,3.546,0.0664,-0.1079,1.0098,
0.400,ENC,0.0477,0.2096,0.1287,0.5113,4.0054,0.464,-3.558,-0.781,3.546,0.0664,-0.1079,1.0098,
0.408,IMU,0.0477,0.2096,0.1287,0.5113,4.0054,0.464,-3.611,-0.928,3.969,0.0396,-0.1226,1.0254,
0.421,ENC,0.0682,0.3085,0.1883,1.0227,4.9428,0.688,-3.611,-0.928,3.969,0.0396,-0.1226,1.0254,
0.432,IMU,0.0682,0.3085,0.1883,1.0227,4.9428,0.688,-3.585,-0.937,4.186,0.0273,-0.0078,1.0327,
0.441,ENC,0.0972,0.4091,0.2531,1.4488,5.0280,0.894,-3.585,-0.937,4.186,0.0273,-0.0078,1.0327,
0.460,ENC,0.1312,0.5216,0.3264,1.7044,5.6246,1.118,-3.585,-0.937,4.186,0.0273,-0.0078,1.0327,
0.468,IMU,0.1312,0.5216,0.3264,1.7044,5.6246,1.118,-3.506,-1.065,4.438,0.1392,-0.1167,0.9761,
0.483,ENC,0.1670,0.6392,0.4031,1.7896,5.8803,1.353,-3.506,-1.065,4.438,0.1392,-0.1167,0.9761,
0.494,IMU,0.1670,0.6392,0.4031,1.7896,5.8803,1.353,-3.434,-1.066,4.592,-0.0049,-0.0620,0.9805,
0.501,ENC,0.2182,0.7585,0.4883,2.5566,5.9655,1.548,-3.434,-1.066,4.592,-0.0049,-0.0620,0.9805,
0.509,IMU,0.2182,0.7585,0.4883,2.5566,5.9655,1.548,-3.313,-1.053,4.766,0.0063,-0.0620,1.0112,
0.521,ENC,0.2795,0.8931,0.5863,3.0680,6.7325,1.758,-3.313,-1.053,4.766,0.0063,-0.0620,1.0112,
0.528,IMU,0.2795,0.8931,0.5863,3.0680,6.7325,1.758,-3.314,-1.068,4.906,0.0659,-0.0571,1.0146,
0.540,ENC,0.3426,1.0363,0.6894,3.1532,7.1586,1.987,-3.314,-1.068,4.906,0.0659,-0.0571,1.0146,
0.549,IMU,0.3426,1.0363,0.6894,3.1532,7.1586,1.987,-3.271,-0.937,5.050,-0.0234,0.0732,1.0156,
0.560,ENC,0.4210,1.1846,0.8028,3.9202,7.4142,2.188,-3.271,-0.937,5.050,-0.0234,0.0732,1.0156,
0.569,IMU,0.4210,1.1846,0.8028,3.9202,7.4142,2.188,-3.306,-0.852,5.201,0.0649,0.0078,1.0020,
0.580,ENC,0.4636,1.3414,0.9025,2.1305,7.8403,2.515,-3.306,-0.852,5.201,0.0649,0.0078,1.0020,
0.588,IMU,0.4636,1.3414,0.9025,2.1305,7.8403,2.515,-3.296,-0.720,5.341,0.0845,0.0654,0.9629,
0.600,ENC,0.5216,1.4914,1.0065,2.8975,7.4995,2.778,-3.296,-0.720,5.341,0.0845,0.0654,0.9629,
0.609,IMU,0.5216,1.4914,1.0065,2.8975,7.4995,2.778,-3.195,-0.702,5.520,-0.0308,-0.0278,1.0869,
0.620,ENC,0.6119,1.6652,1.1386,4.5167,8.6926,3.018,-3.195,-0.702,5.520,-0.0308,-0.0278,1.0869,
0.630,IMU,0.6119,1.6652,1.1386,4.5167,8.6926,3.018,-3.234,-0.767,5.685,0.0527,-0.0596,0.9922,
0.644,ENC,0.6494,1.8271,1.2383,1.8749,8.0960,3.374,-3.234,-0.767,5.685,0.0527,-0.0596,0.9922,
0.648,IMU,0.6494,1.8271,1.2383,1.8749,8.0960,3.374,-3.141,-0.694,5.804,0.0576,0.0195,0.9014,
0.669,IMU,0.6494,1.8271,1.2383,1.8749,8.0960,3.374,-3.072,-0.667,5.961,-0.0308,0.0103,1.0308,
0.681,ENC,0.7960,2.1561,1.4760,3.6645,8.2238,3.896,-3.072,-0.667,5.961,-0.0308,0.0103,1.0308,
0.700,ENC,0.8352,2.3248,1.5800,1.9601,8.4369,4.268,-3.072,-0.667,5.961,-0.0308,0.0103,1.0308,
0.709,IMU,0.8352,2.3248,1.5800,1.9601,8.4369,4.268,-3.154,-0.767,6.391,-0.0024,-0.1079,1.0728,
0.720,ENC,0.9050,2.4919,1.6985,3.4941,8.3517,4.546,-3.154,-0.767,6.391,-0.0024,-0.1079,1.0728,
0.729,IMU,0.9050,2.4919,1.6985,3.4941,8.3517,4.546,-3.152,-0.919,6.602,0.0356,-0.1304,0.9409,
0.740,ENC,0.9596,2.6555,1.8075,2.7271,8.1812,4.858,-3.152,-0.919,6.602,0.0356,-0.1304,0.9409,
0.748,IMU,0.9596,2.6555,1.8075,2.7271,8.1812,4.858,-3.176,-0.825,6.712,0.1011,0.0620,0.9780,
0.761,ENC,1.0090,2.8157,1.9124,2.4714,8.0108,5.176,-3.176,-0.825,6.712,0.1011,0.0620,0.9780,
0.768,IMU,1.0090,2.8157,1.9124,2.4714,8.0108,5.176,-3.148,-0.787,6.838,0.0400,0.0288,1.0928,
0.780,ENC,1.0602,2.9879,2.0240,2.5566,8.6073,5.522,-3.148,-0.787,6.838,0.0400,0.0288,1.0928,
0.791,IMU,1.0602,2.9879,2.0240,2.5566,8.6073,5.522,-3.065,-0.883,6.949,0.0273,-0.0591,0.9072,
0.801,ENC,1.1147,3.1651,2.1399,2.7271,8.8630,5.874,-3.065,-0.883,6.949,0.0273,-0.0591,0.9072,
0.814,IMU,1.1147,3.1651,2.1399,2.7271,8.8630,5.874,-3.068,-0.783,7.179,0.0811,0.0703,0.9814,
0.820,ENC,1.1675,3.3373,2.2524,2.6419,8.6073,6.216,-3.068,-0.783,7.179,0.0811,0.0703,0.9814,
0.829,IMU,1.1675,3.3373,2.2524,2.6419,8.6073,6.216,-3.165,-0.718,7.367,0.1265,0.0630,0.9268,
0.841,ENC,1.2221,3.5162,2.3691,2.7271,8.9482,6.572,-3.165,-0.718,7.367,0.1265,0.0630,0.9268,
0.849,IMU,1.2221,3.5162,2.3691,2.7271,8.9482,6.572,-3.172,-0.794,7.581,0.0322,-0.0488,1.0415,
0.860,ENC,1.2749,3.6918,2.4833,2.6419,8.7778,6.924,-3.172,-0.794,7.581,0.0322,-0.0488,1.0415,
0.868,IMU,1.2749,3.6918,2.4833,2.6419,8.7778,6.924,-3.153,-0.810,7.735,0.0200,-0.0347,1.0815,
0.880,ENC,1.3277,3.8605,2.5941,2.6419,8.4369,7.256,-3.153,-0.810,7.735,0.0200,-0.0347,1.0815,
0.888,IMU,1.3277,3.8605,2.5941,2.6419,8.4369,7.256,-3.187,-0.910,7.983,0.0903,-0.1230,0.9170,
0.900,ENC,1.3823,4.0310,2.7066,2.7271,8.5221,7.588,-3.187,-0.910,7.983,0.0903,-0.1230,0.9170,
0.909,IMU,1.3823,4.0310,2.7066,2.7271,8.5221,7.588,-3.195,-0.989,8.215,0.0449,-0.0894,1.0264,
0.924,ENC,1.4351,4.2167,2.8259,2.6419,9.2891,7.969,-3.195,-0.989,8.215,0.0449,-0.0894,1.0264,
0.929,IMU,1.4351,4.2167,2.8259,2.6419,9.2891,7.969,-3.248,-0.818,8.435,0.1074,0.1118,0.9126,
0.940,ENC,1.4914,4.4025,2.9469,2.8123,9.2891,8.340,-3.248,-0.818,8.435,0.1074,0.1118,0.9126,
0.949,IMU,1.4914,4.4025,2.9469,2.8123,9.2891,8.340,-3.328,-0.680,8.611,0.0938,0.1016,0.9834,
0.961,ENC,1.5476,4.5798,3.0637,2.8123,8.8630,8.687,-3.328,-0.680,8.611,0.0938,0.1016,0.9834,
0.969,IMU,1.5476,4.5798,3.0637,2.8123,8.8630,8.687,-3.380,-0.743,8.822,0.0840,-0.0728,0.9077,
0.981,ENC,1.6005,4.7502,3.1753,2.6419,8.5221,9.023,-3.380,-0.743,8.822,0.0840,-0.0728,0.9077,
0.990,IMU,1.6005,4.7502,3.1753,2.6419,8.5221,9.023,-3.392,-0.788,9.001,0.0518,-0.0581,0.9941,
0.999,ENC,1.6584,4.9087,3.2836,2.8975,7.9256,9.312,-3.392,-0.788,9.001,0.0518,-0.0581,0.9941,
1.009,IMU,1.6584,4.9087,3.2836,2.8975,7.9256,9.312,-3.325,-0.686,9.174,0.0601,0.0776,0.9849,
1.020,ENC,1.7215,5.0826,3.4020,3.1532,8.6926,9.629,-3.325,-0.686,9.174,0.0601,0.0776,0.9849,
1.028,IMU,1.7215,5.0826,3.4020,3.1532,8.6926,9.629,-3.330,-0.720,9.347,0.1006,-0.0723,0.8755,
1.042,ENC,1.7607,5.2513,3.5060,1.9601,8.4369,10.000,-3.330,-0.720,9.347,0.1006,-0.0723,0.8755,
1.047,IMU,1.7607,5.2513,3.5060,1.9601,8.4369,10.000,-3.308,-0.568,9.469,0.0625,0.0903,0.8872,
1.069,IMU,1.7607,5.2513,3.5060,1.9601,8.4369,10.000,-3.314,-0.680,9.648,0.0459,-0.1182,0.9946,
1.079,ENC,1.8953,5.5718,3.7335,3.3662,8.0108,10.532,-3.314,-0.680,9.648,0.0459,-0.1182,0.9946,
1.091,IMU,1.8953,5.5718,3.7335,3.3662,8.0108,10.532,-3.377,-0.652,9.749,0.1172,-0.0034,0.9775,
1.109,IMU,1.8953,5.5718,3.7335,3.3662,8.0108,10.532,-3.335,-0.770,9.869,0.0093,-0.0669,1.0679,
1.122,ENC,2.0112,5.8820,3.9466,2.8975,7.7551,11.089,-3.335,-0.770,9.869,0.0093,-0.0669,1.0679,
1.132,IMU,2.0112,5.8820,3.9466,2.8975,7.7551,11.089,-3.473,-0.852,10.014,0.1958,-0.0879,0.8989,
1.140,ENC,2.0675,6.0422,4.0548,2.8123,8.0108,11.387,-3.473,-0.852,10.014,0.1958,-0.0879,0.8989,
1.148,IMU,2.0675,6.0422,4.0548,2.8123,8.0108,11.387,-3.505,-0.759,10.168,0.1094,0.0312,1.0156,
1.160,ENC,2.1288,6.1888,4.1588,3.0680,7.3290,11.631,-3.505,-0.759,10.168,0.1094,0.0312,1.0156,
1.168,IMU,2.1288,6.1888,4.1588,3.0680,7.3290,11.631,-3.405,-0.739,10.234,-0.0078,0.0127,1.0137,
1.185,ENC,2.1936,6.3422,4.2679,3.2384,7.6699,11.885,-3.405,-0.739,10.234,-0.0078,0.0127,1.0137,
1.195,IMU,2.1936,6.3422,4.2679,3.2384,7.6699,11.885,-3.453,-0.572,10.400,0.0391,0.0845,1.0269,
1.201,ENC,2.2481,6.4990,4.3735,2.7271,7.8403,12.178,-3.453,-0.572,10.400,0.0391,0.0845,1.0269,
1.208,IMU,2.2481,6.4990,4.3735,2.7271,7.8403,12.178,-3.460,-0.572,10.590,0.1016,-0.0322,0.9448,
1.220,ENC,2.3095,6.6541,4.4818,3.0680,7.7551,12.446,-3.460,-0.572,10.590,0.1016,-0.0322,0.9448,
1.229,IMU,2.3095,6.6541,4.4818,3.0680,7.7551,12.446,-3.402,-0.504,10.734,-0.0024,0.0908,1.0220,
1.240,ENC,2.3674,6.8143,4.5909,2.8975,8.0108,12.739,-3.402,-0.504,10.734,-0.0024,0.0908,1.0220,
1.249,IMU,2.3674,6.8143,4.5909,2.8975,8.0108,12.739,-3.504,-0.658,10.889,0.0903,-0.1191,0.9795,
1.260,ENC,2.4339,6.9728,4.7034,3.3236,7.9256,13.003,-3.504,-0.658,10.889,0.0903,-0.1191,0.9795,
1.269,IMU,2.4339,6.9728,4.7034,3.3236,7.9256,13.003,-3.481,-0.847,11.002,0.0562,-0.1743,0.9331,
1.280,ENC,2.5021,7.1211,4.8116,3.4088,7.4142,13.232,-3.481,-0.847,11.002,0.0562,-0.1743,0.9331,
1.291,IMU,2.5021,7.1211,4.8116,3.4088,7.4142,13.232,-3.414,-0.917,11.162,-0.0044,-0.0654,1.0220,
1.300,ENC,2.5720,7.2779,4.9249,3.4941,7.8403,13.481,-3.414,-0.917,11.162,-0.0044,-0.0654,1.0220,
1.308,IMU,2.5720,7.2779,4.9249,3.4941,7.8403,13.481,-3.506,-0.968,11.242,0.0938,-0.0361,0.9404,
1.319,ENC,2.6350,7.4279,5.0315,3.1532,7.4995,13.730,-3.506,-0.968,11.242,0.0938,-0.0361,0.9404,
1.328,IMU,2.6350,7.4279,5.0315,3.1532,7.4995,13.730,-3.599,-0.923,11.342,0.1597,-0.0083,0.8564,
1.340,ENC,2.6981,7.5864,5.1422,3.1532,7.9256,14.004,-3.599,-0.923,11.342,0.1597,-0.0083,0.8564,
1.355,IMU,2.6981,7.5864,5.1422,3.1532,7.9256,14.004,-3.545,-0.852,11.496,0.0137,0.0610,1.0020,
1.360,ENC,2.7646,7.7449,5.2547,3.3236,7.9256,14.268,-3.545,-0.852,11.496,0.0137,0.0610,1.0020,
1.368,IMU,2.7646,7.7449,5.2547,3.3236,7.9256,14.268,-3.462,-0.735,11.672,0.0186,0.0713,0.9834,
1.379,ENC,2.8242,7.9000,5.3621,2.9827,7.7551,14.541,-3.462,-0.735,11.672,0.0186,0.0713,0.9834,
1.388,IMU,2.8242,7.9000,5.3621,2.9827,7.7551,14.541,-3.301,-0.679,11.785,-0.0283,0.0464,0.9551,
1.399,ENC,2.8839,8.0585,5.4712,2.9827,7.9256,14.824,-3.301,-0.679,11.785,-0.0283,0.0464,0.9551,
1.408,IMU,2.8839,8.0585,5.4712,2.9827,7.9256,14.824,-3.253,-0.692,11.872,0.0005,-0.0151,1.0327,
1.420,ENC,2.9401,8.2085,5.5743,2.8123,7.4995,15.093,-3.253,-0.692,11.872,0.0005,-0.0151,1.0327,
1.429,IMU,2.9401,8.2085,5.5743,2.8123,7.4995,15.093,-3.208,-0.756,12.014,0.0112,-0.0439,0.9590,
1.442,ENC,2.9981,8.3585,5.6783,2.8975,7.4995,15.356,-3.208,-0.756,12.014,0.0112,-0.0439,0.9590,
1.449,IMU,2.9981,8.3585,5.6783,2.8975,7.4995,15.356,-3.279,-0.755,12.162,0.1284,-0.0342,0.9058,
1.465,ENC,3.0646,8.5136,5.7891,3.3236,7.7551,15.610,-3.279,-0.755,12.162,0.1284,-0.0342,0.9058,
1.469,IMU,3.0646,8.5136,5.7891,3.3236,7.7551,15.610,-3.370,-0.713,12.366,0.1294,0.0020,0.9727,
1.480,ENC,3.1327,8.6721,5.9024,3.4088,7.9256,15.869,-3.370,-0.713,12.366,0.1294,0.0020,0.9727,
1.487,IMU,3.1327,8.6721,5.9024,3.4088,7.9256,15.869,-3.426,-0.680,12.513,0.1357,0.0073,0.9429,
1.500,ENC,3.2077,8.8170,6.0124,3.7497,7.2438,16.069,-3.426,-0.680,12.513,0.1357,0.0073,0.9429,
1.510,IMU,3.2077,8.8170,6.0124,3.7497,7.2438,16.069,-3.477,-0.711,12.591,0.1230,-0.0449,0.9644,
1.520,ENC,3.2759,8.9704,6.1231,3.4088,7.6699,16.313,-3.477,-0.711,12.591,0.1230,-0.0449,0.9644,
1.529,IMU,3.2759,8.9704,6.1231,3.4088,7.6699,16.313,-3.564,-0.776,12.743,0.1470,-0.1016,0.9238,
1.541,ENC,3.3424,9.1101,6.2263,3.3236,6.9881,16.523,-3.564,-0.776,12.743,0.1470,-0.1016,0.9238,
1.549,IMU,3.3424,9.1101,6.2263,3.3236,6.9881,16.523,-3.608,-0.752,12.877,0.0454,0.0098,1.0850,
1.568,IMU,3.3424,9.1101,6.2263,3.3236,6.9881,16.523,-3.649,-0.713,12.985,0.0908,0.0283,1.0244,
1.580,ENC,3.4890,9.3999,6.4444,3.6645,7.2438,16.934,-3.649,-0.713,12.985,0.0908,0.0283,1.0244,
1.588,IMU,3.4890,9.3999,6.4444,3.6645,7.2438,16.934,-3.641,-0.776,13.130,0.0215,-0.0835,1.0107,
1.599,ENC,3.5588,9.5448,6.5518,3.4941,7.2438,17.148,-3.641,-0.776,13.130,0.0215,-0.0835,1.0107,
1.616,IMU,3.5588,9.5448,6.5518,3.4941,7.2438,17.148,-3.591,-0.855,13.276,0.0161,-0.0679,0.9819,
1.625,ENC,3.6253,9.6828,6.6541,3.3236,6.9029,17.354,-3.591,-0.855,13.276,0.0161,-0.0679,0.9819,
1.629,IMU,3.6253,9.6828,6.6541,3.3236,6.9029,17.354,-3.659,-0.916,13.412,0.0464,-0.0610,1.0356,
1.640,ENC,3.6969,9.8260,6.7614,3.5793,7.1586,17.559,-3.659,-0.916,13.412,0.0464,-0.0610,1.0356,
1.650,IMU,3.6969,9.8260,6.7614,3.5793,7.1586,17.559,-3.561,-0.864,13.431,-0.0283,0.0376,0.9976,
1.660,ENC,3.7736,9.9658,6.8697,3.8350,6.9881,17.739,-3.561,-0.864,13.431,-0.0283,0.0376,0.9976,
1.669,IMU,3.7736,9.9658,6.8697,3.8350,6.9881,17.739,-3.452,-0.791,13.537,-0.0483,0.0229,0.9878,
1.679,ENC,3.8520,10.1072,6.9796,3.9202,7.0734,17.920,-3.452,-0.791,13.537,-0.0483,0.0229,0.9878,
1.701,ENC,3.9304,10.2555,7.0930,3.9202,7.4142,18.120,-3.452,-0.791,13.537,-0.0483,0.0229,0.9878,
1.709,IMU,3.9304,10.2555,7.0930,3.9202,7.4142,18.120,-3.400,-0.740,13.730,0.0317,-0.0366,1.0493,
1.719,ENC,4.0054,10.4004,7.2029,3.7497,7.2438,18.320,-3.400,-0.740,13.730,0.0317,-0.0366,1.0493,
1.729,IMU,4.0054,10.4004,7.2029,3.7497,7.2438,18.320,-3.322,-0.850,13.885,-0.0449,-0.1050,1.1050,
1.740,ENC,4.0889,10.5419,7.3154,4.1758,7.0734,18.486,-3.322,-0.850,13.885,-0.0449,-0.1050,1.1050,
1.747,IMU,4.0889,10.5419,7.3154,4.1758,7.0734,18.486,-3.261,-0.694,13.962,0.0312,0.0767,0.9482,
1.760,ENC,4.1758,10.6884,7.4321,4.3463,7.3290,18.657,-3.261,-0.694,13.962,0.0312,0.0767,0.9482,
1.770,IMU,4.1758,10.6884,7.4321,4.3463,7.3290,18.657,-3.441,-0.774,14.006,0.1958,-0.1079,0.9614,
1.779,ENC,4.2832,10.8214,7.5523,5.3689,6.6473,18.730,-3.441,-0.774,14.006,0.1958,-0.1079,0.9614,
1.788,IMU,4.2832,10.8214,7.5523,5.3689,6.6473,18.730,-3.562,-0.876,14.004,0.1235,-0.0537,1.0542,
1.799,ENC,4.4025,10.9543,7.6784,5.9655,6.6473,18.770,-3.562,-0.876,14.004,0.1235,-0.0537,1.0542,
1.808,IMU,4.4025,10.9543,7.6784,5.9655,6.6473,18.770,-3.535,-1.008,14.082,0.0757,-0.1294,0.8926,
1.820,ENC,4.5184,11.0890,7.8037,5.7950,6.7325,18.823,-3.535,-1.008,14.082,0.0757,-0.1294,0.8926,
1.828,IMU,4.5184,11.0890,7.8037,5.7950,6.7325,18.823,-3.498,-0.947,14.130,0.0371,0.0381,1.0156,
1.841,ENC,4.6428,11.2339,7.9384,6.2211,7.2438,18.882,-3.498,-0.947,14.130,0.0371,0.0381,1.0156,
1.848,IMU,4.6428,11.2339,7.9384,6.2211,7.2438,18.882,-3.498,-0.935,14.165,0.0708,0.0059,1.0254,
1.862,ENC,4.7707,11.3770,8.0739,6.3916,7.1586,18.926,-3.498,-0.935,14.165,0.0708,0.0059,1.0254,
1.867,IMU,4.7707,11.3770,8.0739,6.3916,7.1586,18.926,-3.453,-0.848,14.267,0.0327,0.0112,0.9629,
1.880,ENC,4.8917,11.5100,8.2008,6.0507,6.6473,18.960,-3.453,-0.848,14.267,0.0327,0.0112,0.9629,
1.888,IMU,4.8917,11.5100,8.2008,6.0507,6.6473,18.960,-3.389,-0.753,14.325,0.0493,0.0532,1.0049,
1.921,IMU,4.8917,11.5100,8.2008,6.0507,6.6473,18.960,-3.522,-0.773,14.365,0.1489,-0.0713,0.9292,
1.940,ENC,5.2496,11.9139,8.5818,5.9655,6.7325,19.092,-3.522,-0.773,14.365,0.1489,-0.0713,0.9292,
1.948,IMU,5.2496,11.9139,8.5818,5.9655,6.7325,19.092,-3.395,-0.783,14.443,0.0952,-0.0269,0.9697,
1.966,ENC,5.3672,12.0503,8.7087,5.8803,6.8177,19.146,-3.395,-0.783,14.443,0.0952,-0.0269,0.9697,
1.980,ENC,5.4899,12.1815,8.8357,6.1359,6.5620,19.170,-3.395,-0.783,14.443,0.0952,-0.0269,0.9697,
1.992,IMU,5.4899,12.1815,8.8357,6.1359,6.5620,19.170,-3.329,-0.905,14.427,0.0000,-0.0498,0.9541,
2.000,ENC,5.6058,12.3076,8.9567,5.7950,6.3064,19.199,-3.329,-0.905,14.427,0.0000,-0.0498,0.9541,
2.008,IMU,5.6058,12.3076,8.9567,5.7950,6.3064,19.199,-3.301,-0.964,14.438,0.0522,-0.0591,0.9414,
2.028,ENC,5.7303,12.4406,9.0854,6.2211,6.6473,19.224,-3.301,-0.964,14.438,0.0522,-0.0591,0.9414,
2.031,IMU,5.7303,12.4406,9.0854,6.2211,6.6473,19.224,-3.304,-0.911,14.448,0.0654,0.0308,1.0273,
2.040,ENC,5.8257,12.5616,9.1937,4.7724,6.0507,19.297,-3.304,-0.911,14.448,0.0654,0.0308,1.0273,
2.049,IMU,5.8257,12.5616,9.1937,4.7724,6.0507,19.297,-3.248,-0.768,14.453,0.0137,0.0771,0.9023,
2.062,ENC,5.9348,12.6980,9.3164,5.4542,6.8177,19.375,-3.248,-0.768,14.453,0.0137,0.0771,0.9023,
2.073,IMU,5.9348,12.6980,9.3164,5.4542,6.8177,19.375,-3.274,-0.782,14.513,0.0801,-0.0186,1.0615,
2.080,ENC,6.0388,12.8275,9.4331,5.1985,6.4768,19.448,-3.274,-0.782,14.513,0.0801,-0.0186,1.0615,
2.088,IMU,6.0388,12.8275,9.4331,5.1985,6.4768,19.448,-3.211,-0.901,14.492,-0.0063,-0.1030,0.9834,
2.100,ENC,6.1496,12.9587,9.5541,5.5394,6.5620,19.507,-3.211,-0.901,14.492,-0.0063,-0.1030,0.9834,
2.107,IMU,6.1496,12.9587,9.5541,5.5394,6.5620,19.507,-3.245,-0.850,14.515,0.1021,0.0278,1.0059,
2.120,ENC,6.2757,13.0832,9.6794,6.3064,6.2211,19.502,-3.245,-0.850,14.515,0.1021,0.0278,1.0059,
2.142,ENC,6.4052,13.2059,9.8055,6.4768,6.1359,19.482,-3.245,-0.850,14.515,0.1021,0.0278,1.0059,
2.150,IMU,6.4052,13.2059,9.8055,6.4768,6.1359,19.482,-3.129,-0.764,14.552,0.0186,0.0005,0.9844,
2.159,ENC,6.5382,13.3320,9.9351,6.6473,6.3064,19.463,-3.129,-0.764,14.552,0.0186,0.0005,0.9844,
2.171,IMU,6.5382,13.3320,9.9351,6.6473,6.3064,19.463,-3.021,-0.748,14.507,-0.0278,-0.0117,0.9961,
2.185,ENC,6.6694,13.4649,10.0672,6.5620,6.6473,19.468,-3.021,-0.748,14.507,-0.0278,-0.0117,0.9961,
2.208,ENC,6.8006,13.5979,10.1993,6.5620,6.6473,19.473,-3.021,-0.748,14.507,-0.0278,-0.0117,0.9961,
2.225,ENC,6.9285,13.7394,10.3339,6.3916,7.0734,19.512,-3.021,-0.748,14.507,-0.0278,-0.0117,0.9961,
2.229,IMU,6.9285,13.7394,10.3339,6.3916,7.0734,19.512,-2.881,-0.749,14.573,0.0835,-0.0508,0.9673,
2.269,IMU,6.9285,13.7394,10.3339,6.3916,7.0734,19.512,-3.000,-0.828,14.690,0.1372,-0.0679,0.9219,
2.272,ENC,7.1688,14.0274,10.5981,6.0081,7.2012,19.648,-3.000,-0.828,14.690,0.1372,-0.0679,0.9219,
2.286,ENC,7.3000,14.1484,10.7242,6.5620,6.0507,19.619,-3.000,-0.828,14.690,0.1372,-0.0679,0.9219,
2.304,ENC,7.4330,14.2984,10.8657,6.6473,7.4995,19.668,-3.000,-0.828,14.690,0.1372,-0.0679,0.9219,
2.313,IMU,7.4330,14.2984,10.8657,6.6473,7.4995,19.668,-2.984,-0.689,14.851,0.0073,0.0532,1.0229,
2.347,ENC,7.6938,14.5916,11.1427,6.5194,7.3290,19.761,-2.984,-0.689,14.851,0.0073,0.0532,1.0229,
2.351,IMU,7.6938,14.5916,11.1427,6.5194,7.3290,19.761,-2.992,-0.748,14.868,0.1338,-0.0435,0.8887,
2.370,IMU,7.6938,14.5916,11.1427,6.5194,7.3290,19.761,-2.892,-0.759,14.899,-0.0181,-0.0010,1.0127,
2.372,ENC,7.8335,14.7347,11.2841,6.9881,7.1586,19.771,-2.892,-0.759,14.899,-0.0181,-0.0010,1.0127,
2.389,IMU,7.8335,14.7347,11.2841,6.9881,7.1586,19.771,-2.974,-0.708,14.928,0.1108,0.0356,0.9521,
2.404,ENC,8.1079,15.0245,11.5662,6.8603,7.2438,19.814,-2.974,-0.708,14.928,0.1108,0.0356,0.9521,
2.410,IMU,8.1079,15.0245,11.5662,6.8603,7.2438,19.814,-2.916,-0.734,14.940,0.0054,-0.0776,1.0967,
2.423,ENC,8.2511,15.1643,11.7077,7.1586,6.9881,19.805,-2.916,-0.734,14.940,0.0054,-0.0776,1.0967,
2.430,IMU,8.2511,15.1643,11.7077,7.1586,6.9881,19.805,-2.951,-0.757,14.926,0.0581,-0.0469,0.9795,
2.444,ENC,8.3772,15.3074,11.8423,6.3064,7.1586,19.854,-2.951,-0.757,14.926,0.0581,-0.0469,0.9795,
2.451,IMU,8.3772,15.3074,11.8423,6.3064,7.1586,19.854,-2.971,-0.724,14.973,-0.0044,-0.0054,0.9941,
2.460,ENC,8.5085,15.4540,11.9812,6.5620,7.3290,19.897,-2.971,-0.724,14.973,-0.0044,-0.0054,0.9941,
2.479,IMU,8.5085,15.4540,11.9812,6.5620,7.3290,19.897,-2.968,-0.669,15.120,0.0566,0.0356,0.9482,
2.483,ENC,8.6295,15.6091,12.1193,6.0507,7.7551,19.995,-2.968,-0.669,15.120,0.0566,0.0356,0.9482,
2.487,IMU,8.6295,15.6091,12.1193,6.0507,7.7551,19.995,-3.015,-0.598,15.167,0.0596,0.1050,1.0093,
2.503,ENC,8.7437,15.7455,12.2446,5.7098,6.8177,20.059,-3.015,-0.598,15.167,0.0596,0.1050,1.0093,
2.514,IMU,8.7437,15.7455,12.2446,5.7098,6.8177,20.059,-3.011,-0.701,15.186,0.1035,-0.0908,0.9668,
2.536,IMU,8.7437,15.7455,12.2446,5.7098,6.8177,20.059,-3.074,-0.671,15.224,0.0474,0.0005,1.0488,
2.541,ENC,8.9789,16.0233,12.5011,5.8803,6.9455,20.181,-3.074,-0.671,15.224,0.0474,0.0005,1.0488,
2.549,IMU,8.9789,16.0233,12.5011,5.8803,6.9455,20.181,-3.065,-0.524,15.270,0.0327,0.1387,0.9917,
2.560,ENC,9.0948,16.1528,12.6238,5.7950,6.4768,20.220,-3.065,-0.524,15.270,0.0327,0.1387,0.9917,
2.572,IMU,9.0948,16.1528,12.6238,5.7950,6.4768,20.220,-3.143,-0.569,15.280,0.1299,-0.0527,0.9702,
2.580,ENC,9.2107,16.2841,12.7474,5.7950,6.5620,20.264,-3.143,-0.569,15.280,0.1299,-0.0527,0.9702,
2.588,IMU,9.2107,16.2841,12.7474,5.7950,6.5620,20.264,-3.180,-0.519,15.341,0.0859,0.0239,0.9741,
2.603,ENC,9.3113,16.4085,12.8599,5.0280,6.2211,20.332,-3.180,-0.519,15.341,0.0859,0.0239,0.9741,
2.609,IMU,9.3113,16.4085,12.8599,5.0280,6.2211,20.332,-3.178,-0.574,15.356,0.0586,-0.0703,1.0562,
2.620,ENC,9.4186,16.5380,12.9783,5.3689,6.4768,20.396,-3.178,-0.574,15.356,0.0586,-0.0703,1.0562,
2.629,IMU,9.4186,16.5380,12.9783,5.3689,6.4768,20.396,-3.137,-0.416,15.444,0.0308,0.0928,1.0176,
2.643,ENC,9.5124,16.6676,13.0900,4.6872,6.4768,20.498,-3.137,-0.416,15.444,0.0308,0.0928,1.0176,
2.648,IMU,9.5124,16.6676,13.0900,4.6872,6.4768,20.498,-3.117,-0.408,15.585,-0.0039,-0.0601,1.0249,
2.661,ENC,9.5942,16.8005,13.1973,4.0906,6.6473,20.645,-3.117,-0.408,15.585,-0.0039,-0.0601,1.0249,
2.669,IMU,9.5942,16.8005,13.1973,4.0906,6.6473,20.645,-3.125,-0.337,15.673,0.0103,0.0781,1.0449,
2.681,ENC,9.6760,16.9386,13.3073,4.0906,6.9029,20.806,-3.125,-0.337,15.673,0.0103,0.0781,1.0449,
2.689,IMU,9.6760,16.9386,13.3073,4.0906,6.9029,20.806,-3.129,-0.228,15.756,0.0361,0.0601,1.0508,
2.700,ENC,9.7612,17.0800,13.4206,4.2611,7.0734,20.967,-3.129,-0.228,15.756,0.0361,0.0601,1.0508,
2.715,IMU,9.7612,17.0800,13.4206,4.2611,7.0734,20.967,-3.008,-0.221,15.851,0.0000,-0.0088,0.9971,
2.723,ENC,9.8516,17.2164,13.5340,4.5167,6.8177,21.099,-3.008,-0.221,15.851,0.0000,-0.0088,0.9971,
2.728,IMU,9.8516,17.2164,13.5340,4.5167,6.8177,21.099,-3.021,-0.220,15.930,0.0430,-0.0010,0.9673,
2.741,ENC,9.9402,17.3595,13.6499,4.4315,7.1586,21.255,-3.021,-0.220,15.930,0.0430,-0.0010,0.9673,
2.749,IMU,9.9402,17.3595,13.6499,4.4315,7.1586,21.255,-2.975,-0.164,16.018,0.0293,0.0112,0.9062,
2.771,IMU,9.9402,17.3595,13.6499,4.4315,7.1586,21.255,-2.905,-0.156,16.148,0.0020,0.0376,1.0459,
2.784,ENC,10.1106,17.6254,13.8680,4.2611,6.6473,21.528,-2.905,-0.156,16.148,0.0020,0.0376,1.0459,
2.788,IMU,10.1106,17.6254,13.8680,4.2611,6.6473,21.528,-2.868,-0.081,16.245,-0.0015,0.0518,0.9839,
2.803,ENC,10.1822,17.7737,13.9780,3.5793,7.4142,21.748,-2.868,-0.081,16.245,-0.0015,0.0518,0.9839,
2.808,IMU,10.1822,17.7737,13.9780,3.5793,7.4142,21.748,-2.861,-0.054,16.337,0.0840,0.0400,0.9692,
2.820,ENC,10.2487,17.9203,14.0845,3.3236,7.3290,21.978,-2.861,-0.054,16.337,0.0840,0.0400,0.9692,
2.834,IMU,10.2487,17.9203,14.0845,3.3236,7.3290,21.978,-2.804,0.016,16.455,0.0503,0.0488,0.9707,
2.844,ENC,10.3135,18.0788,14.1961,3.2384,7.9256,22.246,-2.804,0.016,16.455,0.0503,0.0488,0.9707,
2.853,IMU,10.3135,18.0788,14.1961,3.2384,7.9256,22.246,-2.825,0.085,16.571,0.0898,0.0283,0.9966,
2.860,ENC,10.3799,18.2339,14.3069,3.3236,7.7551,22.500,-2.825,0.085,16.571,0.0898,0.0283,0.9966,
2.868,IMU,10.3799,18.2339,14.3069,3.3236,7.7551,22.500,-2.912,0.125,16.709,0.1382,0.0225,0.9883,
2.881,ENC,10.4447,18.3992,14.4220,3.2384,8.2665,22.788,-2.912,0.125,16.709,0.1382,0.0225,0.9883,
2.888,IMU,10.4447,18.3992,14.4220,3.2384,8.2665,22.788,-3.012,0.272,16.896,0.1250,0.0928,1.0557,
2.900,ENC,10.5010,18.5578,14.5294,2.8123,7.9256,23.081,-3.012,0.272,16.896,0.1250,0.0928,1.0557,
2.909,IMU,10.5010,18.5578,14.5294,2.8123,7.9256,23.081,-3.058,0.396,17.025,0.1162,0.1304,1.0220,
2.922,ENC,10.5606,18.7214,14.6410,2.9827,8.1812,23.379,-3.058,0.396,17.025,0.1162,0.1304,1.0220,
2.928,IMU,10.5606,18.7214,14.6410,2.9827,8.1812,23.379,-2.879,0.414,17.136,-0.0479,0.0190,0.9883,
2.940,ENC,10.6134,18.8850,14.7492,2.6419,8.1812,23.696,-2.879,0.414,17.136,-0.0479,0.0190,0.9883,
2.949,IMU,10.6134,18.8850,14.7492,2.6419,8.1812,23.696,-2.904,0.382,17.358,-0.0200,-0.0371,1.0874,
2.960,ENC,10.6731,19.0520,14.8626,2.9827,8.3517,24.004,-2.904,0.382,17.358,-0.0200,-0.0371,1.0874,
2.969,IMU,10.6731,19.0520,14.8626,2.9827,8.3517,24.004,-3.101,0.383,17.489,0.2520,-0.0210,0.9365,
2.980,ENC,10.7310,19.2054,14.9682,2.8975,7.6699,24.277,-3.101,0.383,17.489,0.2520,-0.0210,0.9365,
2.990,IMU,10.7310,19.2054,14.9682,2.8975,7.6699,24.277,-3.053,0.443,17.689,0.0117,0.0190,0.9985,
3.001,ENC,10.7907,19.3674,15.0790,2.9827,8.0960,24.570,-3.053,0.443,17.689,0.0117,0.0190,0.9985,
3.008,IMU,10.7907,19.3674,15.0790,2.9827,8.0960,24.570,-3.054,0.423,17.836,0.0547,0.0239,0.8823,
3.025,ENC,10.8487,19.5156,15.1821,2.8975,7.4142,24.829,-3.054,0.423,17.836,0.0547,0.0239,0.8823,
3.028,IMU,10.8487,19.5156,15.1821,2.8975,7.4142,24.829,-3.063,0.311,17.988,0.0713,-0.0957,0.9644,
3.040,ENC,10.9083,19.6639,15.2861,2.9827,7.4142,25.083,-3.063,0.311,17.988,0.0713,-0.0957,0.9644,
3.050,IMU,10.9083,19.6639,15.2861,2.9827,7.4142,25.083,-3.160,0.466,18.136,0.1387,0.1328,0.9639,
3.060,ENC,10.9680,19.8190,15.3935,2.9827,7.7551,25.356,-3.160,0.466,18.136,0.1387,0.1328,0.9639,
3.068,IMU,10.9680,19.8190,15.3935,2.9827,7.7551,25.356,-3.035,0.528,18.322,-0.0229,0.0576,1.0195,
3.083,ENC,11.0310,19.9741,15.5026,3.1532,7.7551,25.620,-3.035,0.528,18.322,-0.0229,0.0576,1.0195,
3.100,ENC,11.0890,20.1190,15.6040,2.8975,7.2438,25.869,-3.035,0.528,18.322,-0.0229,0.0576,1.0195,
3.109,IMU,11.0890,20.1190,15.6040,2.8975,7.2438,25.869,-2.924,0.524,18.603,-0.0923,0.0093,1.0034,
3.126,ENC,11.1469,20.2690,15.7080,2.8975,7.4995,26.133,-2.924,0.524,18.603,-0.0923,0.0093,1.0034,
3.142,ENC,11.2032,20.4241,15.8136,2.8123,7.7551,26.416,-2.924,0.524,18.603,-0.0923,0.0093,1.0034,
3.153,IMU,11.2032,20.4241,15.8136,2.8123,7.7551,26.416,-2.774,0.546,18.965,0.0234,0.0845,0.8926,
3.164,ENC,11.2526,20.5826,15.9176,2.4714,7.9256,26.729,-2.774,0.546,18.965,0.0234,0.0845,0.8926,
3.168,IMU,11.2526,20.5826,15.9176,2.4714,7.9256,26.729,-2.587,0.332,19.155,-0.1172,-0.1748,1.0562,
3.185,ENC,11.3054,20.7462,16.0258,2.6419,8.1812,27.046,-2.587,0.332,19.155,-0.1172,-0.1748,1.0562,
3.200,ENC,11.3583,20.9099,16.1341,2.6419,8.1812,27.363,-2.587,0.332,19.155,-0.1172,-0.1748,1.0562,
3.208,IMU,11.3583,20.9099,16.1341,2.6419,8.1812,27.363,-2.365,0.425,19.523,-0.0557,0.0410,0.9639,
3.220,ENC,11.4043,21.0667,16.2355,2.3010,7.8403,27.681,-2.365,0.425,19.523,-0.0557,0.0410,0.9639,
3.229,IMU,11.4043,21.0667,16.2355,2.3010,7.8403,27.681,-2.474,0.423,19.678,0.0850,-0.0239,0.9844,
3.241,ENC,11.4520,21.2303,16.3412,2.3862,8.1812,28.013,-2.474,0.423,19.678,0.0850,-0.0239,0.9844,
3.254,IMU,11.4520,21.2303,16.3412,2.3862,8.1812,28.013,-2.331,0.300,19.850,-0.0977,-0.0903,0.9863,
3.261,ENC,11.5014,21.4195,16.4605,2.4714,9.4595,28.413,-2.331,0.300,19.850,-0.0977,-0.0903,0.9863,
3.268,IMU,11.5014,21.4195,16.4605,2.4714,9.4595,28.413,-2.463,0.367,20.018,0.1592,0.0605,0.9673,
3.280,ENC,11.5492,21.5899,16.5695,2.3862,8.5221,28.765,-2.463,0.367,20.018,0.1592,0.0605,0.9673,
3.289,IMU,11.5492,21.5899,16.5695,2.3862,8.5221,28.765,-2.496,0.309,20.235,-0.0137,-0.0503,0.9697,
3.302,ENC,11.6003,21.7638,16.6820,2.5566,8.6926,29.116,-2.496,0.309,20.235,-0.0137,-0.0503,0.9697,
3.311,IMU,11.6003,21.7638,16.6820,2.5566,8.6926,29.116,-2.744,0.588,20.420,0.2544,0.1655,0.8691,
3.320,ENC,11.6480,21.9376,16.7928,2.3862,8.6926,29.478,-2.744,0.588,20.420,0.2544,0.1655,0.8691,
3.329,IMU,11.6480,21.9376,16.7928,2.3862,8.6926,29.478,-2.766,0.458,20.613,0.0244,-0.1152,0.9946,
3.343,ENC,11.6923,22.0978,16.8951,2.2158,8.0108,29.810,-2.766,0.458,20.613,0.0244,-0.1152,0.9946,
3.349,IMU,11.6923,22.0978,16.8951,2.2158,8.0108,29.810,-2.725,0.468,20.803,0.0356,0.0225,1.1162,
3.373,IMU,11.6923,22.0978,16.8951,2.2158,8.0108,29.810,-2.728,0.430,20.999,0.0757,-0.0283,1.1152,
3.380,ENC,11.7844,22.4353,17.1099,2.3010,8.4369,30.513,-2.728,0.430,20.999,0.0757,-0.0283,1.1152,
3.389,IMU,11.7844,22.4353,17.1099,2.3010,8.4369,30.513,-2.666,0.315,21.164,0.0068,-0.1060,0.9653,
3.400,ENC,11.8304,22.6058,17.2181,2.3010,8.5221,30.869,-2.666,0.315,21.164,0.0068,-0.1060,0.9653,
3.413,IMU,11.8304,22.6058,17.2181,2.3010,8.5221,30.869,-2.810,0.353,21.347,0.1904,0.0068,0.9478,
3.420,ENC,11.8764,22.7728,17.3246,2.3010,8.3517,31.216,-2.810,0.353,21.347,0.1904,0.0068,0.9478,
3.428,IMU,11.8764,22.7728,17.3246,2.3010,8.3517,31.216,-2.701,0.472,21.466,-0.0015,0.0981,0.9258,
3.440,ENC,11.9241,22.9296,17.4269,2.3862,7.8403,31.528,-2.701,0.472,21.466,-0.0015,0.0981,0.9258,
3.449,IMU,11.9241,22.9296,17.4269,2.3862,7.8403,31.528,-2.753,0.455,21.706,0.0293,0.0083,0.9702,
3.463,ENC,11.9736,23.0949,17.5343,2.4714,8.2665,31.860,-2.753,0.455,21.706,0.0293,0.0083,0.9702,
3.469,IMU,11.9736,23.0949,17.5343,2.4714,8.2665,31.860,-2.753,0.227,21.946,0.0469,-0.1240,0.9863,
3.480,ENC,12.0196,23.2654,17.6425,2.3010,8.5221,32.217,-2.753,0.227,21.946,0.0469,-0.1240,0.9863,
3.489,IMU,12.0196,23.2654,17.6425,2.3010,8.5221,32.217,-2.782,0.365,22.151,0.0601,0.0625,1.0747,
3.502,ENC,12.0622,23.4154,17.7388,2.1305,7.4995,32.524,-2.782,0.365,22.151,0.0601,0.0625,1.0747,
3.509,IMU,12.0622,23.4154,17.7388,2.1305,7.4995,32.524,-2.809,0.439,22.303,0.0586,0.0649,1.0083,
3.520,ENC,12.1031,23.5534,17.8283,2.0453,6.9029,32.803,-2.809,0.439,22.303,0.0586,0.0649,1.0083,
3.528,IMU,12.1031,23.5534,17.8283,2.0453,6.9029,32.803,-2.865,0.563,22.444,0.1177,0.0845,0.9917,
3.540,ENC,12.1406,23.6847,17.9126,1.8749,6.5620,33.071,-2.865,0.563,22.444,0.1177,0.0845,0.9917,
3.556,IMU,12.1406,23.6847,17.9126,1.8749,6.5620,33.071,-2.952,0.654,22.554,0.1182,0.0835,1.0298,
3.560,ENC,12.1815,23.7955,17.9885,2.0453,5.5394,33.271,-2.952,0.654,22.554,0.1182,0.0835,1.0298,
3.569,IMU,12.1815,23.7955,17.9885,2.0453,5.5394,33.271,-3.008,0.743,22.532,0.0952,0.0732,0.9717,
3.580,ENC,12.2292,23.8909,18.0601,2.3862,4.7724,33.408,-3.008,0.743,22.532,0.0952,0.0732,0.9717,
3.591,IMU,12.2292,23.8909,18.0601,2.3862,4.7724,33.408,-3.090,0.773,22.510,0.1216,0.0518,0.9556,
3.603,ENC,12.2718,23.9574,18.1146,2.1305,3.3236,33.477,-3.090,0.773,22.510,0.1216,0.0518,0.9556,
3.609,IMU,12.2718,23.9574,18.1146,2.1305,3.3236,33.477,-3.158,0.848,22.471,0.0986,0.0776,0.9653,
3.622,ENC,12.3196,24.0136,18.1666,2.3862,2.8123,33.501,-3.158,0.848,22.471,0.0986,0.0776,0.9653,
3.641,ENC,12.3639,24.0665,18.2152,2.2158,2.6419,33.525,-3.158,0.848,22.471,0.0986,0.0776,0.9653,
3.652,IMU,12.3639,24.0665,18.2152,2.2158,2.6419,33.525,-3.136,1.026,22.553,-0.0005,0.0850,1.0396,
3.668,IMU,12.3639,24.0665,18.2152,2.2158,2.6419,33.525,-3.137,1.104,22.596,0.0620,0.0723,1.0029,
3.680,ENC,12.3724,24.1568,18.2646,0.2131,2.2584,33.760,-3.137,1.104,22.596,0.0620,0.0723,1.0029,
3.690,IMU,12.3724,24.1568,18.2646,0.2131,2.2584,33.760,-3.171,1.108,22.636,0.0771,0.0654,0.9893,
3.710,IMU,12.3724,24.1568,18.2646,0.2131,2.2584,33.760,-3.174,1.104,22.684,0.0820,0.0264,1.0010,
3.720,ENC,12.3707,24.2011,18.2859,-0.0426,1.1079,33.892,-3.174,1.104,22.684,0.0820,0.0264,1.0010,
3.728,IMU,12.3707,24.2011,18.2859,-0.0426,1.1079,33.892,-3.204,1.058,22.692,0.0747,0.0166,1.0205,
3.740,ENC,12.3707,24.2147,18.2927,0.0000,0.6818,33.931,-3.204,1.058,22.692,0.0747,0.0166,1.0205,
3.748,IMU,12.3707,24.2147,18.2927,0.0000,0.6818,33.931,-3.258,1.019,22.686,0.0791,-0.0024,1.0156,
3.762,ENC,12.3707,24.2164,18.2936,0.0000,0.0852,33.936,-3.258,1.019,22.686,0.0791,-0.0024,1.0156,
3.768,IMU,12.3707,24.2164,18.2936,0.0000,0.0852,33.936,-3.270,1.014,22.687,0.0479,0.0010,0.9673,
3.782,ENC,12.3707,24.2147,18.2927,0.0000,-0.0852,33.931,-3.270,1.014,22.687,0.0479,0.0010,0.9673,
3.797,IMU,12.3707,24.2147,18.2927,0.0000,-0.0852,33.931,-3.233,0.982,22.671,0.0454,-0.0005,0.9858,
3.800,ENC,12.3707,24.2147,18.2927,0.0000,0.0000,33.931,-3.233,0.982,22.671,0.0454,-0.0005,0.9858,
3.810,IMU,12.3707,24.2147,18.2927,0.0000,0.0000,33.931,-3.228,0.968,22.673,0.0674,-0.0078,0.9849,
3.827,ENC,12.3707,24.2147,18.2927,0.0000,0.0000,33.931,-3.228,0.968,22.673,0.0674,-0.0078,0.9849,
3.840,ENC,12.3707,24.2147,18.2927,0.0000,0.0000,33.931,-3.228,0.968,22.673,0.0674,-0.0078,0.9849,
3.851,IMU,12.3707,24.2147,18.2927,0.0000,0.0000,33.931,-3.228,0.960,22.655,0.0649,-0.0322,0.9756,
3.865,ENC,12.3724,24.2164,18.2944,0.0852,0.0852,33.931,-3.228,0.960,22.655,0.0649,-0.0322,0.9756,
3.870,IMU,12.3724,24.2164,18.2944,0.0852,0.0852,33.931,-3.183,0.792,22.626,0.0557,-0.0640,0.9883,
3.880,ENC,12.3860,24.2250,18.3055,0.6818,0.4261,33.916,-3.183,0.792,22.626,0.0557,-0.0640,0.9883,
3.889,IMU,12.3860,24.2250,18.3055,0.6818,0.4261,33.916,-3.115,0.609,22.631,-0.0146,-0.1250,0.9839,
3.900,ENC,12.4082,24.2642,18.3362,1.1079,1.9601,33.965,-3.115,0.609,22.631,-0.0146,-0.1250,0.9839,
3.921,ENC,12.4355,24.3340,18.3848,1.3635,3.4941,34.087,-3.115,0.609,22.631,-0.0146,-0.1250,0.9839,
3.929,IMU,12.4355,24.3340,18.3848,1.3635,3.4941,34.087,-3.128,0.455,22.856,0.0146,-0.1143,1.0229,
3.941,ENC,12.4679,24.4176,18.4427,1.6192,4.1758,34.233,-3.128,0.455,22.856,0.0146,-0.1143,1.0229,
3.948,IMU,12.4679,24.4176,18.4427,1.6192,4.1758,34.233,-3.057,0.285,22.932,0.0078,-0.0762,0.9932,
3.960,ENC,12.5071,24.5113,18.5092,1.9601,4.6872,34.390,-3.057,0.285,22.932,0.0078,-0.0762,0.9932,
3.968,IMU,12.5071,24.5113,18.5092,1.9601,4.6872,34.390,-3.034,0.260,23.060,0.0283,-0.0352,1.0181,
3.981,ENC,12.5514,24.6306,18.5910,2.2158,5.9655,34.604,-3.034,0.260,23.060,0.0283,-0.0352,1.0181,
3.989,IMU,12.5514,24.6306,18.5910,2.2158,5.9655,34.604,-2.951,0.232,23.205,0.0059,-0.0898,0.9805,
4.000,ENC,12.5923,24.7397,18.6660,2.0453,5.4542,34.800,-2.951,0.232,23.205,0.0059,-0.0898,0.9805,
4.008,IMU,12.5923,24.7397,18.6660,2.0453,5.4542,34.800,-2.938,0.289,23.332,0.0273,0.0010,0.9517,
4.020,ENC,12.6383,24.8641,18.7512,2.3010,6.2211,35.024,-2.938,0.289,23.332,0.0273,0.0010,0.9517,
4.032,IMU,12.6383,24.8641,18.7512,2.3010,6.2211,35.024,-3.005,0.331,23.369,0.1250,0.0186,0.9521,
4.040,ENC,12.7014,24.9783,18.8398,3.1532,5.7098,35.171,-3.005,0.331,23.369,0.1250,0.0186,0.9521,
4.049,IMU,12.7014,24.9783,18.8398,3.1532,5.7098,35.171,-3.050,0.305,23.425,0.0391,-0.0669,1.0361,
4.060,ENC,12.7729,25.0942,18.9336,3.5793,5.7950,35.298,-3.050,0.305,23.425,0.0391,-0.0669,1.0361,
4.069,IMU,12.7729,25.0942,18.9336,3.5793,5.7950,35.298,-3.123,0.253,23.415,0.1328,-0.0596,0.9248,
4.083,ENC,12.8667,25.2135,19.0401,4.6872,5.9655,35.371,-3.123,0.253,23.415,0.1328,-0.0596,0.9248,
4.088,IMU,12.8667,25.2135,19.0401,4.6872,5.9655,35.371,-3.165,0.202,23.417,0.1138,-0.0293,0.9458,
4.100,ENC,12.9707,25.3294,19.1500,5.1985,5.7950,35.405,-3.165,0.202,23.417,0.1138,-0.0293,0.9458,
4.108,IMU,12.9707,25.3294,19.1500,5.1985,5.7950,35.405,-3.208,0.163,23.298,0.1143,-0.0522,0.9800,
4.120,ENC,13.0746,25.4470,19.2608,5.1985,5.8803,35.444,-3.208,0.163,23.298,0.1143,-0.0522,0.9800,
4.130,IMU,13.0746,25.4470,19.2608,5.1985,5.8803,35.444,-3.098,0.191,23.276,-0.0303,-0.0122,1.0708,
4.141,ENC,13.1837,25.5715,19.3776,5.4542,6.2211,35.488,-3.098,0.191,23.276,-0.0303,-0.0122,1.0708,
4.148,IMU,13.1837,25.5715,19.3776,5.4542,6.2211,35.488,-3.174,0.144,23.338,0.0698,-0.0361,0.9434,
4.160,ENC,13.2911,25.7010,19.4960,5.3689,6.4768,35.552,-3.174,0.144,23.338,0.0698,-0.0361,0.9434,
4.168,IMU,13.2911,25.7010,19.4960,5.3689,6.4768,35.552,-3.116,0.120,23.271,0.0181,-0.0127,1.0859,
4.180,ENC,13.4138,25.8288,19.6213,6.1359,6.3916,35.566,-3.116,0.120,23.271,0.0181,-0.0127,1.0859,
4.200,ENC,13.5433,25.9447,19.7440,6.4768,5.7950,35.527,-3.116,0.120,23.271,0.0181,-0.0127,1.0859,
4.208,IMU,13.5433,25.9447,19.7440,6.4768,5.7950,35.527,-3.097,0.128,23.189,0.0029,-0.0308,1.0259,
4.220,ENC,13.6729,26.0709,19.8719,6.4768,6.3064,35.518,-3.097,0.128,23.189,0.0029,-0.0308,1.0259,
4.228,IMU,13.6729,26.0709,19.8719,6.4768,6.3064,35.518,-3.103,0.145,23.186,0.0679,-0.0151,1.0073,
4.244,ENC,13.8041,26.2038,20.0040,6.5620,6.6473,35.522,-3.103,0.145,23.186,0.0679,-0.0151,1.0073,
4.249,IMU,13.8041,26.2038,20.0040,6.5620,6.6473,35.522,-3.085,0.087,23.164,0.0601,-0.0425,0.9829,
4.260,ENC,13.9337,26.3350,20.1344,6.4768,6.5620,35.527,-3.085,0.087,23.164,0.0601,-0.0425,0.9829,
4.268,IMU,13.9337,26.3350,20.1344,6.4768,6.5620,35.527,-3.038,0.166,23.189,0.0176,0.0562,0.9805,
4.280,ENC,14.0581,26.4561,20.2571,6.2211,6.0507,35.518,-3.038,0.166,23.189,0.0176,0.0562,0.9805,
4.288,IMU,14.0581,26.4561,20.2571,6.2211,6.0507,35.518,-3.050,0.184,23.266,0.0522,-0.0034,0.9590,
4.300,ENC,14.1910,26.5958,20.3934,6.6473,6.9881,35.537,-3.050,0.184,23.266,0.0522,-0.0034,0.9590,
4.308,IMU,14.1910,26.5958,20.3934,6.6473,6.9881,35.537,-3.001,0.279,23.295,0.0083,0.0796,1.0918,
4.322,ENC,14.3120,26.7288,20.5204,6.0507,6.6473,35.571,-3.001,0.279,23.295,0.0083,0.0796,1.0918,
4.328,IMU,14.3120,26.7288,20.5204,6.0507,6.6473,35.571,-3.048,0.256,23.378,0.1021,-0.0405,0.9351,
4.340,ENC,14.4467,26.8600,20.6533,6.7325,6.5620,35.562,-3.048,0.256,23.378,0.1021,-0.0405,0.9351,
4.349,IMU,14.4467,26.8600,20.6533,6.7325,6.5620,35.562,-2.986,0.305,23.344,-0.0386,0.0386,1.0435,
4.367,ENC,14.5745,26.9929,20.7837,6.3916,6.6473,35.576,-2.986,0.305,23.344,-0.0386,0.0386,1.0435,
4.371,IMU,14.5745,26.9929,20.7837,6.3916,6.6473,35.576,-2.960,0.315,23.369,0.0273,0.0234,0.9819,
4.391,IMU,14.5745,26.9929,20.7837,6.3916,6.6473,35.576,-2.907,0.360,23.409,0.0635,0.0010,1.0610,
4.400,ENC,14.8404,27.2520,21.0462,6.6473,6.4768,35.557,-2.907,0.360,23.409,0.0635,0.0010,1.0610,
4.408,IMU,14.8404,27.2520,21.0462,6.6473,6.4768,35.557,-3.037,0.229,23.412,0.1621,-0.1040,0.9238,
4.424,ENC,14.9819,27.3884,21.1851,7.0734,6.8177,35.542,-3.037,0.229,23.412,0.1621,-0.1040,0.9238,
4.428,IMU,14.9819,27.3884,21.1851,7.0734,6.8177,35.542,-3.132,0.202,23.390,0.0850,-0.0127,0.9517,
4.441,ENC,15.1216,27.5230,21.3223,6.9881,6.7325,35.527,-3.132,0.202,23.390,0.0850,-0.0127,0.9517,
4.448,IMU,15.1216,27.5230,21.3223,6.9881,6.7325,35.527,-3.219,0.223,23.431,0.1782,0.0308,0.9419,
4.460,ENC,15.2512,27.6594,21.4553,6.4768,6.8177,35.547,-3.219,0.223,23.431,0.1782,0.0308,0.9419,
4.469,IMU,15.2512,27.6594,21.4553,6.4768,6.8177,35.547,-3.247,0.196,23.387,0.0796,-0.0005,0.9346,
4.481,ENC,15.3858,27.7957,21.5908,6.7325,6.8177,35.552,-3.247,0.196,23.387,0.0796,-0.0005,0.9346,
4.488,IMU,15.3858,27.7957,21.5908,6.7325,6.8177,35.552,-3.240,0.227,23.377,0.0576,0.0469,0.9922,
4.501,ENC,15.5137,27.9236,21.7186,6.3916,6.3916,35.552,-3.240,0.227,23.377,0.0576,0.0469,0.9922,
4.509,IMU,15.5137,27.9236,21.7186,6.3916,6.3916,35.552,-3.321,0.263,23.375,0.0449,0.0229,1.0669,
4.520,ENC,15.6432,28.0480,21.8456,6.4768,6.2211,35.537,-3.321,0.263,23.375,0.0449,0.0229,1.0669,
4.529,IMU,15.6432,28.0480,21.8456,6.4768,6.2211,35.537,-3.333,0.302,23.333,0.0776,0.0542,0.9604,
4.550,IMU,15.6432,28.0480,21.8456,6.4768,6.2211,35.537,-3.316,0.255,23.300,0.0630,-0.0059,0.9307,
4.560,ENC,15.8989,28.2917,22.0953,6.3916,6.0933,35.503,-3.316,0.255,23.300,0.0630,-0.0059,0.9307,
4.568,IMU,15.8989,28.2917,22.0953,6.3916,6.0933,35.503,-3.281,0.179,23.310,0.0493,-0.0352,1.0615,
4.581,ENC,16.0165,28.4144,22.2155,5.8803,6.1359,35.518,-3.281,0.179,23.310,0.0493,-0.0352,1.0615,
4.600,ENC,16.1255,28.5355,22.3305,5.4542,6.0507,35.552,-3.281,0.179,23.310,0.0493,-0.0352,1.0615,
4.609,IMU,16.1255,28.5355,22.3305,5.4542,6.0507,35.552,-3.344,0.206,23.321,0.0679,0.0073,0.9897,
4.620,ENC,16.2363,28.6599,22.4481,5.5394,6.2211,35.591,-3.344,0.206,23.321,0.0679,0.0073,0.9897,
4.628,IMU,16.2363,28.6599,22.4481,5.5394,6.2211,35.591,-3.318,0.215,23.337,0.0259,-0.0088,1.0566,
4.640,ENC,16.3454,28.7809,22.5632,5.4542,6.0507,35.625,-3.318,0.215,23.337,0.0259,-0.0088,1.0566,
4.648,IMU,16.3454,28.7809,22.5632,5.4542,6.0507,35.625,-3.356,0.146,23.353,0.1113,-0.0630,1.0776,
4.660,ENC,16.4545,28.9070,22.6808,5.4542,6.3064,35.674,-3.356,0.146,23.353,0.1113,-0.0630,1.0776,
4.668,IMU,16.4545,28.9070,22.6808,5.4542,6.3064,35.674,-3.479,0.173,23.384,0.1753,-0.0083,0.9946,
4.680,ENC,16.5619,29.0229,22.7924,5.3689,5.7950,35.698,-3.479,0.173,23.384,0.1753,-0.0083,0.9946,
4.692,IMU,16.5619,29.0229,22.7924,5.3689,5.7950,35.698,-3.477,0.159,23.358,0.0259,0.0049,0.9551,
4.700,ENC,16.6676,29.1388,22.9032,5.2837,5.7950,35.728,-3.477,0.159,23.358,0.0259,0.0049,0.9551,
4.709,IMU,16.6676,29.1388,22.9032,5.2837,5.7950,35.728,-3.487,0.192,23.366,0.0693,0.0322,0.9458,
4.720,ENC,16.7800,29.2598,23.0199,5.6246,6.0507,35.752,-3.487,0.192,23.366,0.0693,0.0322,0.9458,
4.731,IMU,16.7800,29.2598,23.0199,5.6246,6.0507,35.752,-3.463,0.176,23.356,0.0928,0.0200,0.9355,
4.740,ENC,16.8857,29.3689,23.1273,5.2837,5.4542,35.762,-3.463,0.176,23.356,0.0928,0.0200,0.9355,
4.748,IMU,16.8857,29.3689,23.1273,5.2837,5.4542,35.762,-3.434,0.142,23.400,0.0151,-0.0327,1.0400,
4.760,ENC,16.9914,29.4831,23.2373,5.2837,5.7098,35.786,-3.434,0.142,23.400,0.0151,-0.0327,1.0400,
4.768,IMU,16.9914,29.4831,23.2373,5.2837,5.7098,35.786,-3.573,0.115,23.445,0.1538,-0.0156,0.9849,
4.780,ENC,17.1022,29.5990,23.3506,5.5394,5.7950,35.801,-3.573,0.115,23.445,0.1538,-0.0156,0.9849,
4.793,IMU,17.1022,29.5990,23.3506,5.5394,5.7950,35.801,-3.554,0.059,23.481,0.0532,-0.0659,0.9980,
4.801,ENC,17.2113,29.7115,23.4614,5.4542,5.6246,35.811,-3.554,0.059,23.481,0.0532,-0.0659,0.9980,
4.808,IMU,17.2113,29.7115,23.4614,5.4542,5.6246,35.811,-3.571,0.048,23.505,0.0889,-0.0063,0.9966,
4.820,ENC,17.3152,29.8206,23.5679,5.1985,5.4542,35.825,-3.571,0.048,23.505,0.0889,-0.0063,0.9966,
4.829,IMU,17.3152,29.8206,23.5679,5.1985,5.4542,35.825,-3.492,0.066,23.498,-0.0200,0.0332,0.9912,
4.840,ENC,17.4209,29.9348,23.6778,5.2837,5.7098,35.850,-3.492,0.066,23.498,-0.0200,0.0332,0.9912,
4.849,IMU,17.4209,29.9348,23.6778,5.2837,5.7098,35.850,-3.419,-0.032,23.502,0.0210,-0.0688,1.0659,
4.860,ENC,17.5215,30.0456,23.7835,5.0280,5.5394,35.879,-3.419,-0.032,23.502,0.0210,-0.0688,1.0659,
4.868,IMU,17.5215,30.0456,23.7835,5.0280,5.5394,35.879,-3.372,-0.023,23.546,-0.0010,0.0146,1.1411,
4.880,ENC,17.6254,30.1666,23.8960,5.1985,6.0507,35.928,-3.372,-0.023,23.546,-0.0010,0.0146,1.1411,
4.889,IMU,17.6254,30.1666,23.8960,5.1985,6.0507,35.928,-3.331,0.035,23.617,0.0029,0.0400,1.0635,
4.909,IMU,17.6254,30.1666,23.8960,5.1985,6.0507,35.928,-3.432,0.034,23.669,0.0659,0.0288,1.0049,
4.920,ENC,17.8470,30.3950,24.1210,5.5394,5.7098,35.947,-3.432,0.034,23.669,0.0659,0.0288,1.0049,
4.928,IMU,17.8470,30.3950,24.1210,5.5394,5.7098,35.947,-3.375,0.096,23.721,0.0049,0.0190,1.0000,
4.940,ENC,17.9595,30.5041,24.2318,5.6246,5.4542,35.938,-3.375,0.096,23.721,0.0049,0.0190,1.0000,
4.949,IMU,17.9595,30.5041,24.2318,5.6246,5.4542,35.938,-3.358,-0.004,23.681,0.0820,-0.0522,0.9512,
4.961,ENC,18.0754,30.6148,24.3451,5.7950,5.5394,35.923,-3.358,-0.004,23.681,0.0820,-0.0522,0.9512,
4.968,IMU,18.0754,30.6148,24.3451,5.7950,5.5394,35.923,-3.322,0.086,23.636,0.0166,0.0308,0.9702,
4.982,ENC,18.1913,30.7239,24.4576,5.7950,5.4542,35.903,-3.322,0.086,23.636,0.0166,0.0308,0.9702,
4.989,IMU,18.1913,30.7239,24.4576,5.7950,5.4542,35.903,-3.294,0.030,23.623,0.0396,-0.0239,1.0049,
5.002,ENC,18.3106,30.8466,24.5786,5.9655,6.1359,35.913,-3.294,0.030,23.623,0.0396,-0.0239,1.0049,
5.009,IMU,18.3106,30.8466,24.5786,5.9655,6.1359,35.913,-3.321,0.068,23.637,0.0854,0.0054,0.9634,
5.020,ENC,18.4299,30.9694,24.6996,5.9655,6.1359,35.923,-3.321,0.068,23.637,0.0854,0.0054,0.9634,
5.028,IMU,18.4299,30.9694,24.6996,5.9655,6.1359,35.923,-3.324,0.040,23.707,0.0581,-0.0259,0.9893,
5.040,ENC,18.5543,31.1108,24.8326,6.2211,7.0734,35.972,-3.324,0.040,23.707,0.0581,-0.0259,0.9893,
5.048,IMU,18.5543,31.1108,24.8326,6.2211,7.0734,35.972,-3.285,0.071,23.786,0.0063,0.0288,1.0542,
5.060,ENC,18.6703,31.2472,24.9587,5.7950,6.8177,36.030,-3.285,0.071,23.786,0.0063,0.0288,1.0542,
5.069,IMU,18.6703,31.2472,24.9587,5.7950,6.8177,36.030,-3.319,0.173,23.896,0.0317,0.0503,1.0132,
5.080,ENC,18.7913,31.3938,25.0925,6.0507,7.3290,36.104,-3.319,0.173,23.896,0.0317,0.0503,1.0132,
5.091,IMU,18.7913,31.3938,25.0925,6.0507,7.3290,36.104,-3.379,0.179,23.989,0.1304,-0.0039,0.9722,
5.108,IMU,18.7913,31.3938,25.0925,6.0507,7.3290,36.104,-3.364,0.286,24.010,0.0903,0.0605,0.9390,
5.123,ENC,19.0418,31.6614,25.3516,6.2638,6.6899,36.152,-3.364,0.286,24.010,0.0903,0.0605,0.9390,
5.130,IMU,19.0418,31.6614,25.3516,6.2638,6.6899,36.152,-3.302,0.323,24.006,0.0205,0.0088,1.0923,
5.140,ENC,19.1748,31.8011,25.4879,6.6473,6.9881,36.172,-3.302,0.323,24.006,0.0205,0.0088,1.0923,
5.151,IMU,19.1748,31.8011,25.4879,6.6473,6.9881,36.172,-3.150,0.354,24.034,-0.0366,0.0439,1.0059,
5.160,ENC,19.2924,31.9341,25.6132,5.8803,6.6473,36.216,-3.150,0.354,24.034,-0.0366,0.0439,1.0059,
5.173,IMU,19.2924,31.9341,25.6132,5.8803,6.6473,36.216,-3.179,0.335,24.000,0.0312,-0.0400,1.0078,
5.180,ENC,19.4168,32.0824,25.7496,6.2211,7.4142,36.284,-3.179,0.335,24.000,0.0312,-0.0400,1.0078,
5.201,ENC,19.5395,32.2306,25.8851,6.1359,7.4142,36.357,-3.179,0.335,24.000,0.0312,-0.0400,1.0078,
5.208,IMU,19.5395,32.2306,25.8851,6.1359,7.4142,36.357,-3.175,0.418,24.131,-0.0278,0.0630,1.0601,
5.220,ENC,19.6486,32.3892,26.0189,5.4542,7.9256,36.499,-3.175,0.418,24.131,-0.0278,0.0630,1.0601,
5.229,IMU,19.6486,32.3892,26.0189,5.4542,7.9256,36.499,-3.014,0.542,24.270,-0.0957,0.1016,1.0083,
5.241,ENC,19.7287,32.5477,26.1382,4.0054,7.9256,36.724,-3.014,0.542,24.270,-0.0957,0.1016,1.0083,
5.255,IMU,19.7287,32.5477,26.1382,4.0054,7.9256,36.724,-2.989,0.602,24.376,0.0371,0.0942,1.0815,
5.260,ENC,19.7952,32.7147,26.2549,3.3236,8.3517,37.012,-2.989,0.602,24.376,0.0371,0.0942,1.0815,
5.269,IMU,19.7952,32.7147,26.2549,3.3236,8.3517,37.012,-3.035,0.535,24.573,0.0928,-0.0664,1.0132,
5.280,ENC,19.8599,32.8766,26.3683,3.2384,8.0960,37.290,-3.035,0.535,24.573,0.0928,-0.0664,1.0132,
5.289,IMU,19.8599,32.8766,26.3683,3.2384,8.0960,37.290,-3.026,0.518,24.694,0.0894,0.0132,0.9731,
5.300,ENC,19.9281,33.0437,26.4859,3.4088,8.3517,37.573,-3.026,0.518,24.694,0.0894,0.0132,0.9731,
5.308,IMU,19.9281,33.0437,26.4859,3.4088,8.3517,37.573,-2.984,0.613,24.791,0.0498,0.0635,1.0186,
5.320,ENC,19.9912,33.1902,26.5907,3.1532,7.3290,37.812,-2.984,0.613,24.791,0.0498,0.0635,1.0186,
5.329,IMU,19.9912,33.1902,26.5907,3.1532,7.3290,37.812,-3.043,0.691,24.900,0.0767,0.0640,0.9785,
5.344,ENC,20.0645,33.3351,26.6998,3.6645,7.2438,38.018,-3.043,0.691,24.900,0.0767,0.0640,0.9785,
5.349,IMU,20.0645,33.3351,26.6998,3.6645,7.2438,38.018,-2.998,0.784,24.981,0.0479,0.1030,0.9365,
5.360,ENC,20.1292,33.4834,26.8063,3.2384,7.4142,38.257,-2.998,0.784,24.981,0.0479,0.1030,0.9365,
5.368,IMU,20.1292,33.4834,26.8063,3.2384,7.4142,38.257,-2.943,0.974,25.158,0.0146,0.0996,0.8892,
5.380,ENC,20.1821,33.6317,26.9069,2.6419,7.4142,38.530,-2.943,0.974,25.158,0.0146,0.0996,0.8892,
5.389,IMU,20.1821,33.6317,26.9069,2.6419,7.4142,38.530,-2.795,1.088,25.291,-0.0947,0.1084,1.0322,
5.400,ENC,20.2315,33.7817,27.0066,2.4714,7.4995,38.818,-2.795,1.088,25.291,-0.0947,0.1084,1.0322,
5.409,IMU,20.2315,33.7817,27.0066,2.4714,7.4995,38.818,-2.631,1.020,25.406,-0.1143,-0.0161,1.0352,
5.420,ENC,20.2826,33.9351,27.1088,2.5566,7.6699,39.111,-2.631,1.020,25.406,-0.1143,-0.0161,1.0352,
5.428,IMU,20.2826,33.9351,27.1088,2.5566,7.6699,39.111,-2.660,1.112,25.496,0.0200,0.0547,0.9556,
5.440,ENC,20.3269,34.0765,27.2017,2.2158,7.0734,39.390,-2.660,1.112,25.496,0.0200,0.0547,0.9556,
5.449,IMU,20.3269,34.0765,27.2017,2.2158,7.0734,39.390,-2.482,1.085,25.603,-0.0430,0.0083,1.0083,
5.460,ENC,20.3815,34.2231,27.3023,2.7271,7.3290,39.653,-2.482,1.085,25.603,-0.0430,0.0083,1.0083,
5.469,IMU,20.3815,34.2231,27.3023,2.7271,7.3290,39.653,-2.486,0.938,25.701,0.0381,-0.0991,0.9673,
5.483,ENC,20.4292,34.3765,27.4029,2.3862,7.6699,39.956,-2.486,0.938,25.701,0.0381,-0.0991,0.9673,
5.490,IMU,20.4292,34.3765,27.4029,2.3862,7.6699,39.956,-2.541,0.846,25.838,0.0947,-0.0156,0.9927,
5.500,ENC,20.4786,34.5231,27.5009,2.4714,7.3290,40.234,-2.541,0.846,25.838,0.0947,-0.0156,0.9927,
5.509,IMU,20.4786,34.5231,27.5009,2.4714,7.3290,40.234,-2.617,0.855,25.959,0.0518,-0.0400,1.0762,
5.520,ENC,20.5315,34.6782,27.6048,2.6419,7.7551,40.527,-2.617,0.855,25.959,0.0518,-0.0400,1.0762,
5.529,IMU,20.5315,34.6782,27.6048,2.6419,7.7551,40.527,-2.589,0.703,26.175,-0.0410,-0.1333,1.0435,
5.540,ENC,20.5758,34.8435,27.7097,2.2158,8.2665,40.874,-2.589,0.703,26.175,-0.0410,-0.1333,1.0435,
5.560,ENC,20.6201,35.0003,27.8102,2.2158,7.8403,41.196,-2.589,0.703,26.175,-0.0410,-0.1333,1.0435,
5.569,IMU,20.6201,35.0003,27.8102,2.2158,7.8403,41.196,-2.478,0.449,26.467,0.0117,-0.1128,1.0322,
5.580,ENC,20.6644,35.1691,27.9167,2.2158,8.4369,41.553,-2.478,0.449,26.467,0.0117,-0.1128,1.0322,
5.589,IMU,20.6644,35.1691,27.9167,2.2158,8.4369,41.553,-2.532,0.331,26.603,0.0845,-0.0962,1.1206,
5.600,ENC,20.7190,35.3327,28.0258,2.7271,8.1812,41.865,-2.532,0.331,26.603,0.0845,-0.0962,1.1206,
5.608,IMU,20.7190,35.3327,28.0258,2.7271,8.1812,41.865,-2.470,0.249,26.819,-0.0039,-0.0234,1.0068,
5.620,ENC,20.7582,35.5048,28.1315,1.9601,8.6073,42.246,-2.470,0.249,26.819,-0.0039,-0.0234,1.0068,
5.629,IMU,20.7582,35.5048,28.1315,1.9601,8.6073,42.246,-2.549,0.193,27.016,0.1177,-0.0200,1.0107,
5.640,ENC,20.7923,35.6787,28.2355,1.7044,8.6926,42.646,-2.549,0.193,27.016,0.1177,-0.0200,1.0107,
5.649,IMU,20.7923,35.6787,28.2355,1.7044,8.6926,42.646,-2.607,0.127,27.195,0.0547,-0.0762,0.9370,
5.661,ENC,20.8212,35.8474,28.3343,1.4488,8.4369,43.047,-2.607,0.127,27.195,0.0547,-0.0762,0.9370,
5.669,IMU,20.8212,35.8474,28.3343,1.4488,8.4369,43.047,-2.607,0.082,27.398,0.0410,-0.0278,1.0308,
5.680,ENC,20.8536,36.0196,28.4366,1.6192,8.6073,43.447,-2.607,0.082,27.398,0.0410,-0.0278,1.0308,
5.689,IMU,20.8536,36.0196,28.4366,1.6192,8.6073,43.447,-2.582,0.189,27.599,0.1006,0.1196,0.9639,
5.701,ENC,20.8860,36.2019,28.5440,1.6192,9.1187,43.877,-2.582,0.189,27.599,0.1006,0.1196,0.9639,
5.709,IMU,20.8860,36.2019,28.5440,1.6192,9.1187,43.877,-2.656,0.379,27.825,0.1616,0.1357,0.9087,
5.720,ENC,20.9150,36.3724,28.6437,1.4488,8.5221,44.282,-2.656,0.379,27.825,0.1616,0.1357,0.9087,
5.756,ENC,20.9525,36.5531,28.7528,1.8749,9.0334,44.692,-2.656,0.379,27.825,0.1616,0.1357,0.9087,
5.760,IMU,20.9525,36.5531,28.7528,1.8749,9.0334,44.692,-2.623,0.334,28.309,-0.0400,-0.0083,1.0601,
5.766,ENC,20.9934,36.7150,28.8542,2.0453,8.0960,45.039,-2.623,0.334,28.309,-0.0400,-0.0083,1.0601,
5.770,IMU,20.9934,36.7150,28.8542,2.0453,8.0960,45.039,-2.463,0.419,28.554,-0.1543,0.0625,1.1025,
5.780,ENC,21.0326,36.8939,28.9633,1.9601,8.9482,45.439,-2.463,0.419,28.554,-0.1543,0.0625,1.1025,
5.789,IMU,21.0326,36.8939,28.9633,1.9601,8.9482,45.439,-2.496,0.542,28.760,0.0693,0.0806,0.9932,
5.812,IMU,21.0326,36.8939,28.9633,1.9601,8.9482,45.439,-2.464,0.619,28.862,0.0674,0.0757,0.9902,
5.814,ENC,21.0752,37.0712,29.0732,2.1305,8.8630,45.825,-2.464,0.619,28.862,0.0674,0.0757,0.9902,
5.824,ENC,21.1178,37.2416,29.1797,2.1305,8.5221,46.191,-2.464,0.619,28.862,0.0674,0.0757,0.9902,
5.838,IMU,21.1178,37.2416,29.1797,2.1305,8.5221,46.191,-2.527,0.713,29.025,0.1035,0.0732,0.9902,
5.848,IMU,21.1178,37.2416,29.1797,2.1305,8.5221,46.191,-2.552,0.625,29.152,0.0742,-0.0352,1.0107,
5.860,ENC,21.2064,37.5638,29.3851,2.2158,8.0534,46.860,-2.552,0.625,29.152,0.0742,-0.0352,1.0107,
5.870,IMU,21.2064,37.5638,29.3851,2.2158,8.0534,46.860,-2.658,0.640,29.336,0.0796,-0.0034,0.9590,
5.891,IMU,21.2064,37.5638,29.3851,2.2158,8.0534,46.860,-2.662,0.531,29.469,0.0811,-0.0977,0.8945,
5.903,ENC,21.2968,37.8961,29.5965,2.2584,8.3091,47.554,-2.662,0.531,29.469,0.0811,-0.0977,0.8945,
5.909,IMU,21.2968,37.8961,29.5965,2.2584,8.3091,47.554,-2.907,0.534,29.577,0.2495,-0.0439,0.9067,
5.926,ENC,21.3377,38.0512,29.6945,2.0453,7.7551,47.881,-2.907,0.534,29.577,0.2495,-0.0439,0.9067,
5.930,IMU,21.3377,38.0512,29.6945,2.0453,7.7551,47.881,-2.940,0.637,29.686,0.1211,0.0845,1.0117,
5.945,ENC,21.3786,38.1859,29.7822,2.0453,6.7325,48.149,-2.940,0.637,29.686,0.1211,0.0845,1.0117,
5.966,ENC,21.4212,38.3018,29.8615,2.1305,5.7950,48.359,-2.940,0.637,29.686,0.1211,0.0845,1.0117,
5.981,ENC,21.4740,38.4126,29.9433,2.6419,5.5394,48.525,-2.940,0.637,29.686,0.1211,0.0845,1.0117,
5.989,IMU,21.4740,38.4126,29.9433,2.6419,5.5394,48.525,-3.144,0.604,29.821,0.0654,0.0527,1.0527,
6.000,ENC,21.5183,38.5097,30.0140,2.2158,4.8576,48.677,-3.144,0.604,29.821,0.0654,0.0527,1.0527,
6.009,IMU,21.5183,38.5097,30.0140,2.2158,4.8576,48.677,-3.150,0.717,29.900,0.0918,0.0864,0.9600,
6.020,ENC,21.5473,38.6035,30.0754,1.4488,4.6872,48.862,-3.150,0.717,29.900,0.0918,0.0864,0.9600,
6.028,IMU,21.5473,38.6035,30.0754,1.4488,4.6872,48.862,-3.120,0.842,29.944,0.0532,0.0820,0.9922,
6.040,ENC,21.5337,38.6921,30.1129,-0.6818,4.4315,49.155,-3.120,0.842,29.944,0.0532,0.0820,0.9922,
6.048,IMU,21.5337,38.6921,30.1129,-0.6818,4.4315,49.155,-3.039,0.930,30.064,-0.0264,0.0684,1.0205,
6.060,ENC,21.5132,38.7859,30.1495,-1.0227,4.6872,49.482,-3.039,0.930,30.064,-0.0264,0.0684,1.0205,
6.080,ENC,21.4723,38.8779,30.1751,-2.0453,4.6019,49.863,-3.039,0.930,30.064,-0.0264,0.0684,1.0205,
6.095,IMU,21.4723,38.8779,30.1751,-2.0453,4.6019,49.863,-2.947,0.977,30.556,-0.0049,0.0674,0.9556,
6.101,ENC,21.4007,38.9750,30.1879,-3.5793,4.8576,50.347,-2.947,0.977,30.556,-0.0049,0.0674,0.9556,
6.109,IMU,21.4007,38.9750,30.1879,-3.5793,4.8576,50.347,-2.939,1.040,30.789,0.0962,0.0996,0.9873,
6.140,ENC,21.2405,39.1438,30.1922,-4.0054,4.2184,51.289,-2.939,1.040,30.789,0.0962,0.0996,0.9873,
6.150,IMU,21.2405,39.1438,30.1922,-4.0054,4.2184,51.289,-3.083,1.067,31.223,0.0757,-0.0024,0.9619,
6.163,ENC,21.1536,39.2205,30.1870,-4.3463,3.8350,51.758,-3.083,1.067,31.223,0.0757,-0.0024,0.9619,
6.169,IMU,21.1536,39.2205,30.1870,-4.3463,3.8350,51.758,-3.090,1.061,31.425,0.0132,-0.0054,1.0049,
6.181,ENC,21.0735,39.2972,30.1853,-4.0054,3.8350,52.207,-3.090,1.061,31.425,0.0132,-0.0054,1.0049,
6.188,IMU,21.0735,39.2972,30.1853,-4.0054,3.8350,52.207,-3.087,1.006,31.614,0.0518,-0.0405,0.9922,
6.200,ENC,20.9951,39.3705,30.1828,-3.9202,3.6645,52.642,-3.087,1.006,31.614,0.0518,-0.0405,0.9922,
6.212,IMU,20.9951,39.3705,30.1828,-3.9202,3.6645,52.642,-3.020,0.995,31.809,0.0244,0.0161,0.9985,
6.220,ENC,20.9201,39.4421,30.1811,-3.7497,3.5793,53.062,-3.020,0.995,31.809,0.0244,0.0161,0.9985,
6.228,IMU,20.9201,39.4421,30.1811,-3.7497,3.5793,53.062,-3.040,0.942,31.942,0.0581,-0.0293,1.0034,
6.240,ENC,20.8485,39.5136,30.1811,-3.5793,3.5793,53.472,-3.040,0.942,31.942,0.0581,-0.0293,1.0034,
6.249,IMU,20.8485,39.5136,30.1811,-3.5793,3.5793,53.472,-2.976,0.996,32.104,-0.0186,0.0171,1.0063,
6.260,ENC,20.7752,39.5869,30.1811,-3.6645,3.6645,53.892,-2.976,0.996,32.104,-0.0186,0.0171,1.0063,
6.268,IMU,20.7752,39.5869,30.1811,-3.6645,3.6645,53.892,-3.021,0.995,32.315,0.0625,0.0073,0.9839,
6.280,ENC,20.7002,39.6602,30.1802,-3.7497,3.6645,54.316,-3.021,0.995,32.315,0.0625,0.0073,0.9839,
6.291,IMU,20.7002,39.6602,30.1802,-3.7497,3.6645,54.316,-3.044,0.902,32.507,0.0811,-0.0439,1.0068,
6.300,ENC,20.6235,39.7284,30.1760,-3.8350,3.4088,54.731,-3.044,0.902,32.507,0.0811,-0.0439,1.0068,
6.309,IMU,20.6235,39.7284,30.1760,-3.8350,3.4088,54.731,-3.008,0.908,32.678,0.0513,0.0024,1.0186,
6.321,ENC,20.5519,39.7983,30.1751,-3.5793,3.4941,55.137,-3.008,0.908,32.678,0.0513,0.0024,1.0186,
6.329,IMU,20.5519,39.7983,30.1751,-3.5793,3.4941,55.137,-3.083,0.910,32.795,0.0894,-0.0112,0.9868,
6.349,IMU,20.5519,39.7983,30.1751,-3.5793,3.4941,55.137,-3.016,0.921,32.925,0.0264,-0.0044,0.9990,
6.360,ENC,20.4173,39.9346,30.1760,-3.3662,3.4088,55.913,-3.016,0.921,32.925,0.0264,-0.0044,0.9990,
6.369,IMU,20.4173,39.9346,30.1760,-3.3662,3.4088,55.913,-3.016,0.936,33.083,0.0967,0.0161,0.9844,
6.380,ENC,20.3474,40.0062,30.1768,-3.4941,3.5793,56.318,-3.016,0.936,33.083,0.0967,0.0161,0.9844,
6.391,IMU,20.3474,40.0062,30.1768,-3.4941,3.5793,56.318,-3.050,0.961,33.253,0.0547,0.0400,0.9712,
6.400,ENC,20.2758,40.0761,30.1760,-3.5793,3.4941,56.724,-3.050,0.961,33.253,0.0547,0.0400,0.9712,
6.409,IMU,20.2758,40.0761,30.1760,-3.5793,3.4941,56.724,-3.088,0.925,33.435,0.0625,-0.0288,1.0293,
6.420,ENC,20.2025,40.1477,30.1751,-3.6645,3.5793,57.139,-3.088,0.925,33.435,0.0625,-0.0288,1.0293,
6.429,IMU,20.2025,40.1477,30.1751,-3.6645,3.5793,57.139,-3.147,0.785,33.639,0.0767,-0.0869,0.9961,
6.440,ENC,20.1361,40.2176,30.1768,-3.3236,3.4941,57.529,-3.147,0.785,33.639,0.0767,-0.0869,0.9961,
6.452,IMU,20.1361,40.2176,30.1768,-3.3236,3.4941,57.529,-3.186,0.766,33.789,0.0864,-0.0288,1.0132,
6.460,ENC,20.0696,40.2857,30.1777,-3.3236,3.4088,57.915,-3.186,0.766,33.789,0.0864,-0.0288,1.0132,
6.480,ENC,19.9997,40.3556,30.1777,-3.4941,3.4941,58.315,-3.186,0.766,33.789,0.0864,-0.0288,1.0132,
6.489,IMU,19.9997,40.3556,30.1777,-3.4941,3.4941,58.315,-3.192,0.708,34.131,0.0332,-0.0405,0.9712,
6.505,ENC,19.9383,40.4255,30.1819,-3.0680,3.4941,58.691,-3.192,0.708,34.131,0.0332,-0.0405,0.9712,
6.509,IMU,19.9383,40.4255,30.1819,-3.0680,3.4941,58.691,-3.215,0.641,34.273,0.1025,-0.0254,0.9922,
6.520,ENC,19.8719,40.4971,30.1845,-3.3236,3.5793,59.087,-3.215,0.641,34.273,0.1025,-0.0254,0.9922,
6.528,IMU,19.8719,40.4971,30.1845,-3.3236,3.5793,59.087,-3.247,0.651,34.483,0.0874,0.0083,0.9595,
6.540,ENC,19.8071,40.5738,30.1904,-3.2384,3.8350,59.492,-3.247,0.651,34.483,0.0874,0.0083,0.9595,
6.548,IMU,19.8071,40.5738,30.1904,-3.2384,3.8350,59.492,-3.222,0.634,34.638,0.0288,0.0088,1.0122,
6.562,ENC,19.7253,40.6454,30.1853,-4.0906,3.5793,59.932,-3.222,0.634,34.638,0.0288,0.0088,1.0122,
6.573,IMU,19.7253,40.6454,30.1853,-4.0906,3.5793,59.932,-3.164,0.645,34.807,0.0376,0.0098,0.9805,
6.580,ENC,19.6418,40.7187,30.1802,-4.1758,3.6645,60.381,-3.164,0.645,34.807,0.0376,0.0098,0.9805,
6.593,IMU,19.6418,40.7187,30.1802,-4.1758,3.6645,60.381,-3.141,0.655,34.982,0.0352,0.0112,0.9639,
6.600,ENC,19.5651,40.7920,30.1785,-3.8350,3.6645,60.811,-3.141,0.655,34.982,0.0352,0.0112,0.9639,
6.609,IMU,19.5651,40.7920,30.1785,-3.8350,3.6645,60.811,-3.138,0.629,35.154,0.0400,-0.0093,0.9673,
6.620,ENC,19.4884,40.8635,30.1760,-3.8350,3.5793,61.235,-3.138,0.629,35.154,0.0400,-0.0093,0.9673,
6.629,IMU,19.4884,40.8635,30.1760,-3.8350,3.5793,61.235,-3.082,0.645,35.333,0.0410,0.0166,0.9883,
6.640,ENC,19.4083,40.9368,30.1725,-4.0054,3.6645,61.675,-3.082,0.645,35.333,0.0410,0.0166,0.9883,
6.657,IMU,19.4083,40.9368,30.1725,-4.0054,3.6645,61.675,-3.109,0.616,35.522,0.0532,0.0137,0.9966,
6.660,ENC,19.3299,41.0101,30.1700,-3.9202,3.6645,62.109,-3.109,0.616,35.522,0.0532,0.0137,0.9966,
6.668,IMU,19.3299,41.0101,30.1700,-3.9202,3.6645,62.109,-3.111,0.638,35.672,0.0879,0.0210,0.9531,
6.680,ENC,19.2549,41.0800,30.1674,-3.7497,3.4941,62.524,-3.111,0.638,35.672,0.0879,0.0210,0.9531,
6.689,IMU,19.2549,41.0800,30.1674,-3.7497,3.4941,62.524,-3.156,0.624,35.833,0.0742,-0.0186,1.0000,
6.709,IMU,19.2549,41.0800,30.1674,-3.7497,3.4941,62.524,-3.071,0.619,36.000,-0.0024,-0.0146,1.0332,
6.720,ENC,19.0981,41.2130,30.1555,-3.9202,3.3236,63.354,-3.071,0.619,36.000,-0.0024,-0.0146,1.0332,
6.728,IMU,19.0981,41.2130,30.1555,-3.9202,3.3236,63.354,-3.053,0.619,36.177,0.0308,0.0020,0.9707,
6.740,ENC,19.0197,41.2879,30.1538,-3.9202,3.7497,63.794,-3.053,0.619,36.177,0.0308,0.0020,0.9707,
6.749,IMU,19.0197,41.2879,30.1538,-3.9202,3.7497,63.794,-3.049,0.559,36.405,0.0620,-0.0576,1.0195,
6.760,ENC,18.9395,41.3612,30.1504,-4.0054,3.6645,64.233,-3.049,0.559,36.405,0.0620,-0.0576,1.0195,
6.768,IMU,18.9395,41.3612,30.1504,-4.0054,3.6645,64.233,-3.007,0.532,36.624,0.0244,-0.0039,1.0410,
6.783,ENC,18.8577,41.4311,30.1444,-4.0906,3.4941,64.668,-3.007,0.532,36.624,0.0244,-0.0039,1.0410,
6.800,ENC,18.7708,41.5112,30.1410,-4.3463,4.0054,65.146,-3.007,0.532,36.624,0.0244,-0.0039,1.0410,
6.809,IMU,18.7708,41.5112,30.1410,-4.3463,4.0054,65.146,-2.966,0.520,36.946,0.0459,-0.0181,1.0244,
6.823,ENC,18.6839,41.5862,30.1351,-4.3463,3.7497,65.610,-2.966,0.520,36.946,0.0459,-0.0181,1.0244,
6.829,IMU,18.6839,41.5862,30.1351,-4.3463,3.7497,65.610,-2.933,0.415,37.131,-0.0020,-0.0371,1.0210,
6.840,ENC,18.5918,41.6442,30.1180,-4.6019,2.8975,66.040,-2.933,0.415,37.131,-0.0020,-0.0371,1.0210,
6.849,IMU,18.5918,41.6442,30.1180,-4.6019,2.8975,66.040,-2.957,0.406,37.296,0.0522,-0.0317,0.9976,
6.860,ENC,18.5015,41.7089,30.1052,-4.5167,3.2384,66.484,-2.957,0.406,37.296,0.0522,-0.0317,0.9976,
6.869,IMU,18.5015,41.7089,30.1052,-4.5167,3.2384,66.484,-2.969,0.385,37.499,0.0425,0.0049,0.9409,
6.882,ENC,18.4078,41.7788,30.0933,-4.6872,3.4941,66.953,-2.969,0.385,37.499,0.0425,0.0049,0.9409,
6.889,IMU,18.4078,41.7788,30.0933,-4.6872,3.4941,66.953,-3.008,0.391,37.718,0.0947,0.0298,0.9717,
6.900,ENC,18.2987,41.8487,30.0737,-5.4542,3.4941,67.466,-3.008,0.391,37.718,0.0947,0.0298,0.9717,
6.909,IMU,18.2987,41.8487,30.0737,-5.4542,3.4941,67.466,-3.011,0.383,37.897,0.0640,0.0083,1.0356,
6.920,ENC,18.2220,41.9254,30.0737,-3.8350,3.8350,67.905,-3.011,0.383,37.897,0.0640,0.0083,1.0356,
6.928,IMU,18.2220,41.9254,30.0737,-3.8350,3.8350,67.905,-3.030,0.325,38.051,0.0645,-0.0391,1.0449,
6.940,ENC,18.1487,41.9919,30.0703,-3.6645,3.3236,68.306,-3.030,0.325,38.051,0.0645,-0.0391,1.0449,
6.950,IMU,18.1487,41.9919,30.0703,-3.6645,3.3236,68.306,-3.023,0.286,38.164,0.0439,-0.0171,1.0078,
6.960,ENC,18.0464,42.0737,30.0601,-5.1133,4.0906,68.833,-3.023,0.286,38.164,0.0439,-0.0171,1.0078,
6.969,IMU,18.0464,42.0737,30.0601,-5.1133,4.0906,68.833,-3.004,0.276,38.324,0.0596,-0.0249,1.0156,
6.982,ENC,17.9766,42.1521,30.0643,-3.4941,3.9202,69.258,-3.004,0.276,38.324,0.0596,-0.0249,1.0156,
6.989,IMU,17.9766,42.1521,30.0643,-3.4941,3.9202,69.258,-2.953,0.225,38.529,0.0176,-0.0342,1.0332,
7.000,ENC,17.8981,42.2254,30.0618,-3.9202,3.6645,69.692,-2.953,0.225,38.529,0.0176,-0.0342,1.0332,
7.009,IMU,17.8981,42.2254,30.0618,-3.9202,3.6645,69.692,-2.980,0.184,38.707,0.0361,-0.0493,1.0205,
7.020,ENC,17.8249,42.2850,30.0549,-3.6645,2.9827,70.073,-2.980,0.184,38.707,0.0361,-0.0493,1.0205,
7.031,IMU,17.8249,42.2850,30.0549,-3.6645,2.9827,70.073,-3.020,0.176,38.909,0.0757,-0.0205,0.9863,
7.040,ENC,17.7635,42.3583,30.0609,-3.0680,3.6645,70.459,-3.020,0.176,38.909,0.0757,-0.0205,0.9863,
7.050,IMU,17.7635,42.3583,30.0609,-3.0680,3.6645,70.459,-3.006,0.170,39.052,0.0610,-0.0132,1.0073,
7.068,IMU,17.7635,42.3583,30.0609,-3.0680,3.6645,70.459,-3.019,0.160,39.223,0.0732,-0.0034,1.0088,
7.080,ENC,17.6340,42.5066,30.0703,-3.2384,3.7071,71.255,-3.019,0.160,39.223,0.0732,-0.0034,1.0088,
7.088,IMU,17.6340,42.5066,30.0703,-3.2384,3.7071,71.255,-3.003,0.171,39.359,0.0708,-0.0063,1.0215,
7.100,ENC,17.5760,42.5799,30.0780,-2.8975,3.6645,71.631,-3.003,0.171,39.359,0.0708,-0.0063,1.0215,
7.111,IMU,17.5760,42.5799,30.0780,-2.8975,3.6645,71.631,-3.084,0.172,39.533,0.0820,0.0073,1.0137,
7.120,ENC,17.5181,42.6481,30.0831,-2.8975,3.4088,71.992,-3.084,0.172,39.533,0.0820,0.0073,1.0137,
7.129,IMU,17.5181,42.6481,30.0831,-2.8975,3.4088,71.992,-3.112,0.111,39.681,0.0508,-0.0244,0.9966,
7.140,ENC,17.4618,42.7094,30.0856,-2.8123,3.0680,72.329,-3.112,0.111,39.681,0.0508,-0.0244,0.9966,
7.151,IMU,17.4618,42.7094,30.0856,-2.8123,3.0680,72.329,-3.186,0.150,39.843,0.0771,0.0239,0.9595,
7.163,ENC,17.4056,42.7725,30.0890,-2.8123,3.1532,72.671,-3.186,0.150,39.843,0.0771,0.0239,0.9595,
7.169,IMU,17.4056,42.7725,30.0890,-2.8123,3.1532,72.671,-3.207,0.147,39.991,0.0566,-0.0210,0.9614,
7.180,ENC,17.3493,42.8424,30.0959,-2.8123,3.4941,73.032,-3.207,0.147,39.991,0.0566,-0.0210,0.9614,
7.189,IMU,17.3493,42.8424,30.0959,-2.8123,3.4941,73.032,-3.160,0.167,40.118,0.0796,-0.0020,0.9580,
7.201,ENC,17.2914,42.9089,30.1001,-2.8975,3.3236,73.389,-3.160,0.167,40.118,0.0796,-0.0020,0.9580,
7.209,IMU,17.2914,42.9089,30.1001,-2.8975,3.3236,73.389,-3.199,0.091,40.272,0.0791,-0.0757,0.9409,
7.224,ENC,17.2334,42.9736,30.1035,-2.8975,3.2384,73.740,-3.199,0.091,40.272,0.0791,-0.0757,0.9409,
7.228,IMU,17.2334,42.9736,30.1035,-2.8975,3.2384,73.740,-3.213,0.113,40.413,0.1006,0.0146,0.9946,
7.240,ENC,17.1806,43.0333,30.1069,-2.6419,2.9827,74.062,-3.213,0.113,40.413,0.1006,0.0146,0.9946,
7.248,IMU,17.1806,43.0333,30.1069,-2.6419,2.9827,74.062,-3.202,0.153,40.550,0.0527,0.0088,0.9722,
7.260,ENC,17.1312,43.0997,30.1155,-2.4714,3.3236,74.395,-3.202,0.153,40.550,0.0527,0.0088,0.9722,
7.268,IMU,17.1312,43.0997,30.1155,-2.4714,3.3236,74.395,-3.225,0.140,40.732,0.0479,-0.0078,0.9766,
7.280,ENC,17.0817,43.1662,30.1240,-2.4714,3.3236,74.727,-3.225,0.140,40.732,0.0479,-0.0078,0.9766,
7.291,IMU,17.0817,43.1662,30.1240,-2.4714,3.3236,74.727,-3.293,0.160,40.835,0.1152,0.0244,0.9980,
7.300,ENC,17.0255,43.2276,30.1265,-2.8123,3.0680,75.063,-3.293,0.160,40.835,0.1152,0.0244,0.9980,
7.308,IMU,17.0255,43.2276,30.1265,-2.8123,3.0680,75.063,-3.359,0.179,40.976,0.1030,0.0098,0.9951,
7.320,ENC,16.9726,43.2855,30.1291,-2.6419,2.8975,75.381,-3.359,0.179,40.976,0.1030,0.0098,0.9951,
7.328,IMU,16.9726,43.2855,30.1291,-2.6419,2.8975,75.381,-3.394,0.154,41.135,0.0928,0.0049,1.0083,
7.342,ENC,16.9215,43.3418,30.1316,-2.5566,2.8123,75.688,-3.394,0.154,41.135,0.0928,0.0049,1.0083,
7.352,IMU,16.9215,43.3418,30.1316,-2.5566,2.8123,75.688,-3.440,0.162,41.265,0.0898,0.0010,1.0269,
7.360,ENC,16.8704,43.4014,30.1359,-2.5566,2.9827,76.006,-3.440,0.162,41.265,0.0898,0.0010,1.0269,
7.369,IMU,16.8704,43.4014,30.1359,-2.5566,2.9827,76.006,-3.438,0.199,41.438,0.0244,0.0073,1.0405,
7.380,ENC,16.8210,43.4628,30.1419,-2.4714,3.0680,76.323,-3.438,0.199,41.438,0.0244,0.0073,1.0405,
7.398,IMU,16.8210,43.4628,30.1419,-2.4714,3.0680,76.323,-3.435,0.203,41.563,0.0415,-0.0215,1.0498,
7.400,ENC,16.7732,43.5224,30.1478,-2.3862,2.9827,76.631,-3.435,0.203,41.563,0.0415,-0.0215,1.0498,
7.409,IMU,16.7732,43.5224,30.1478,-2.3862,2.9827,76.631,-3.481,0.176,41.755,0.0190,-0.0015,1.0195,
7.420,ENC,16.7238,43.5787,30.1512,-2.4714,2.8123,76.934,-3.481,0.176,41.755,0.0190,-0.0015,1.0195,
7.429,IMU,16.7238,43.5787,30.1512,-2.4714,2.8123,76.934,-3.422,0.171,41.949,0.0303,-0.0142,1.0215,
7.440,ENC,16.6727,43.6366,30.1547,-2.5566,2.8975,77.246,-3.422,0.171,41.949,0.0303,-0.0142,1.0215,
7.448,IMU,16.6727,43.6366,30.1547,-2.5566,2.8975,77.246,-3.386,0.188,42.061,0.0337,-0.0210,1.0020,
7.460,ENC,16.6164,43.6997,30.1581,-2.8123,3.1532,77.588,-3.386,0.188,42.061,0.0337,-0.0210,1.0020,
7.468,IMU,16.6164,43.6997,30.1581,-2.8123,3.1532,77.588,-3.383,0.171,42.156,0.0571,-0.0142,1.0054,
7.481,ENC,16.5585,43.7662,30.1623,-2.8975,3.3236,77.944,-3.383,0.171,42.156,0.0571,-0.0142,1.0054,
7.491,IMU,16.5585,43.7662,30.1623,-2.8975,3.3236,77.944,-3.321,0.127,42.284,0.0195,-0.0278,1.0210,
7.503,ENC,16.5039,43.8326,30.1683,-2.7271,3.3236,78.291,-3.321,0.127,42.284,0.0195,-0.0278,1.0210,
7.520,ENC,16.4477,43.8991,30.1734,-2.8123,3.3236,78.643,-3.321,0.127,42.284,0.0195,-0.0278,1.0210,
7.529,IMU,16.4477,43.8991,30.1734,-2.8123,3.3236,78.643,-3.456,0.063,42.620,0.0405,-0.0430,1.0210,
7.541,ENC,16.3931,43.9639,30.1785,-2.7271,3.2384,78.984,-3.456,0.063,42.620,0.0405,-0.0430,1.0210,
7.548,IMU,16.3931,43.9639,30.1785,-2.7271,3.2384,78.984,-3.480,0.120,42.771,0.0703,0.0249,0.9995,
7.568,IMU,16.3931,43.9639,30.1785,-2.7271,3.2384,78.984,-3.439,0.116,42.947,0.0469,-0.0063,1.0010,
7.580,ENC,16.2824,44.0883,30.1853,-2.7697,3.1106,79.658,-3.439,0.116,42.947,0.0469,-0.0063,1.0010,
7.588,IMU,16.2824,44.0883,30.1853,-2.7697,3.1106,79.658,-3.437,0.155,43.092,0.0513,0.0142,0.9819,
7.600,ENC,16.2329,44.1497,30.1913,-2.4714,3.0680,79.976,-3.437,0.155,43.092,0.0513,0.0142,0.9819,
7.613,IMU,16.2329,44.1497,30.1913,-2.4714,3.0680,79.976,-3.486,0.158,43.236,0.1030,0.0225,0.9814,
7.628,IMU,16.2329,44.1497,30.1913,-2.4714,3.0680,79.976,-3.504,0.236,43.363,0.0737,0.0308,0.9580,
7.641,ENC,16.1324,44.2605,30.1964,-2.5140,2.7697,80.581,-3.504,0.236,43.363,0.0737,0.0308,0.9580,
7.648,IMU,16.1324,44.2605,30.1964,-2.5140,2.7697,80.581,-3.504,0.228,43.514,0.0508,-0.0034,0.9712,
7.668,IMU,16.1324,44.2605,30.1964,-2.5140,2.7697,80.581,-3.472,0.207,43.599,0.0444,0.0156,0.9951,
7.680,ENC,16.0352,44.3661,30.2007,-2.4288,2.6419,81.162,-3.472,0.207,43.599,0.0444,0.0156,0.9951,
7.689,IMU,16.0352,44.3661,30.2007,-2.4288,2.6419,81.162,-3.489,0.251,43.725,0.0713,0.0127,0.9702,
7.702,ENC,15.9875,44.4156,30.2015,-2.3862,2.4714,81.440,-3.489,0.251,43.725,0.0713,0.0127,0.9702,
7.710,IMU,15.9875,44.4156,30.2015,-2.3862,2.4714,81.440,-3.440,0.209,43.847,0.0181,-0.0088,0.9868,
7.720,ENC,15.9415,44.4684,30.2049,-2.3010,2.6419,81.724,-3.440,0.209,43.847,0.0181,-0.0088,0.9868,
7.729,IMU,15.9415,44.4684,30.2049,-2.3010,2.6419,81.724,-3.495,0.238,43.965,0.0786,0.0010,0.9473,
7.740,ENC,15.8937,44.5195,30.2066,-2.3862,2.5566,82.007,-3.495,0.238,43.965,0.0786,0.0010,0.9473,
7.757,IMU,15.8937,44.5195,30.2066,-2.3862,2.5566,82.007,-3.515,0.230,44.058,0.0767,-0.0107,0.9609,
7.760,ENC,15.8443,44.5724,30.2083,-2.4714,2.6419,82.300,-3.515,0.230,44.058,0.0767,-0.0107,0.9609,
7.768,IMU,15.8443,44.5724,30.2083,-2.4714,2.6419,82.300,-3.544,0.256,44.188,0.0415,-0.0015,0.9912,
7.780,ENC,15.8017,44.6218,30.2118,-2.1305,2.4714,82.563,-3.544,0.256,44.188,0.0415,-0.0015,0.9912,
7.793,IMU,15.8017,44.6218,30.2118,-2.1305,2.4714,82.563,-3.548,0.296,44.352,0.0815,0.0122,1.0254,
7.806,ENC,15.7523,44.6712,30.2118,-2.4714,2.4714,82.847,-3.548,0.296,44.352,0.0815,0.0122,1.0254,
7.809,IMU,15.7523,44.6712,30.2118,-2.4714,2.4714,82.847,-3.514,0.306,44.492,0.0625,-0.0044,1.0273,
7.820,ENC,15.7080,44.7224,30.2152,-2.2158,2.5566,83.120,-3.514,0.306,44.492,0.0625,-0.0044,1.0273,
7.828,IMU,15.7080,44.7224,30.2152,-2.2158,2.5566,83.120,-3.523,0.325,44.595,0.0283,-0.0146,1.0371,
7.844,ENC,15.6671,44.7752,30.2211,-2.0453,2.6419,83.389,-3.523,0.325,44.595,0.0283,-0.0146,1.0371,
7.849,IMU,15.6671,44.7752,30.2211,-2.0453,2.6419,83.389,-3.567,0.324,44.739,0.0645,-0.0156,0.9927,
7.860,ENC,15.6193,44.8246,30.2220,-2.3862,2.4714,83.667,-3.567,0.324,44.739,0.0645,-0.0156,0.9927,
7.868,IMU,15.6193,44.8246,30.2220,-2.3862,2.4714,83.667,-3.565,0.275,44.823,0.0171,-0.0293,1.0010,
7.880,ENC,15.5699,44.8655,30.2177,-2.4714,2.0453,83.926,-3.565,0.275,44.823,0.0171,-0.0293,1.0010,
7.889,IMU,15.5699,44.8655,30.2177,-2.4714,2.0453,83.926,-3.574,0.245,44.961,0.0635,-0.0044,0.9697,
7.905,ENC,15.5239,44.9133,30.2186,-2.3010,2.3862,84.194,-3.574,0.245,44.961,0.0635,-0.0044,0.9697,
7.912,IMU,15.5239,44.9133,30.2186,-2.3010,2.3862,84.194,-3.602,0.276,45.095,0.0674,0.0000,0.9663,
7.929,IMU,15.5239,44.9133,30.2186,-2.3010,2.3862,84.194,-3.660,0.317,45.165,0.0771,-0.0005,0.9604,
7.940,ENC,15.4455,45.0087,30.2271,-1.9601,2.3862,84.692,-3.660,0.317,45.165,0.0771,-0.0005,0.9604,
7.948,IMU,15.4455,45.0087,30.2271,-1.9601,2.3862,84.692,-3.654,0.352,45.283,0.0742,0.0098,1.0371,
7.961,ENC,15.3995,45.0530,30.2262,-2.3010,2.2158,84.951,-3.654,0.352,45.283,0.0742,0.0098,1.0371,
7.969,IMU,15.3995,45.0530,30.2262,-2.3010,2.2158,84.951,-3.719,0.361,45.388,0.0811,-0.0205,1.0322,
7.980,ENC,15.3569,45.0956,30.2262,-2.1305,2.1305,85.195,-3.719,0.361,45.388,0.0811,-0.0205,1.0322,
7.988,IMU,15.3569,45.0956,30.2262,-2.1305,2.1305,85.195,-3.668,0.334,45.492,0.0312,-0.0088,0.9619,
8.000,ENC,15.3211,45.1365,30.2288,-1.7896,2.0453,85.415,-3.668,0.334,45.492,0.0312,-0.0088,0.9619,
8.008,IMU,15.3211,45.1365,30.2288,-1.7896,2.0453,85.415,-3.733,0.391,45.584,0.0981,0.0308,0.9785,
8.020,ENC,15.2887,45.1774,30.2331,-1.6192,2.0453,85.625,-3.733,0.391,45.584,0.0981,0.0308,0.9785,
8.029,IMU,15.2887,45.1774,30.2331,-1.6192,2.0453,85.625,-3.779,0.407,45.672,0.0942,-0.0186,1.0195,
8.040,ENC,15.2478,45.2235,30.2356,-2.0453,2.3010,85.874,-3.779,0.407,45.672,0.0942,-0.0186,1.0195,
8.048,IMU,15.2478,45.2235,30.2356,-2.0453,2.3010,85.874,-3.729,0.402,45.746,0.0142,0.0117,0.9937,
8.060,ENC,15.2069,45.2644,30.2356,-2.0453,2.0453,86.108,-3.729,0.402,45.746,0.0142,0.0117,0.9937,
8.080,ENC,15.1711,45.3070,30.2390,-1.7896,2.1305,86.333,-3.729,0.402,45.746,0.0142,0.0117,0.9937,
8.088,IMU,15.1711,45.3070,30.2390,-1.7896,2.1305,86.333,-3.755,0.315,46.010,0.1206,-0.0015,0.9204,
8.100,ENC,15.1336,45.3445,30.2390,-1.8749,1.8749,86.548,-3.755,0.315,46.010,0.1206,-0.0015,0.9204,
8.109,IMU,15.1336,45.3445,30.2390,-1.8749,1.8749,86.548,-3.675,0.375,46.079,0.0220,0.0059,1.0820,
8.122,ENC,15.0927,45.3820,30.2373,-2.0453,1.8749,86.772,-3.675,0.375,46.079,0.0220,0.0059,1.0820,
8.132,IMU,15.0927,45.3820,30.2373,-2.0453,1.8749,86.772,-3.602,0.461,46.120,0.0649,0.0308,1.1138,
8.140,ENC,15.0654,45.4007,30.2331,-1.3635,0.9374,86.904,-3.602,0.461,46.120,0.0649,0.0308,1.1138,
8.149,IMU,15.0654,45.4007,30.2331,-1.3635,0.9374,86.904,-3.626,0.373,46.141,0.0552,-0.0425,0.9961,
8.160,ENC,15.0364,45.4399,30.2382,-1.4488,1.9601,87.100,-3.626,0.373,46.141,0.0552,-0.0425,0.9961,
8.171,IMU,15.0364,45.4399,30.2382,-1.4488,1.9601,87.100,-3.558,0.366,46.223,0.0386,0.0024,1.0532,
8.180,ENC,15.0143,45.4638,30.2390,-1.1079,1.1931,87.231,-3.558,0.366,46.223,0.0386,0.0024,1.0532,
8.188,IMU,15.0143,45.4638,30.2390,-1.1079,1.1931,87.231,-3.468,0.380,46.285,-0.0068,0.0103,0.9517,
8.200,ENC,14.9870,45.4928,30.2399,-1.3635,1.4488,87.393,-3.468,0.380,46.285,-0.0068,0.0103,0.9517,
8.212,IMU,14.9870,45.4928,30.2399,-1.3635,1.4488,87.393,-3.546,0.359,46.357,0.1079,-0.0166,0.9834,
8.220,ENC,14.9717,45.5217,30.2467,-0.7670,1.4488,87.520,-3.546,0.359,46.357,0.1079,-0.0166,0.9834,
8.240,ENC,14.9444,45.5405,30.2424,-1.3635,0.9374,87.651,-3.546,0.359,46.357,0.1079,-0.0166,0.9834,
8.249,IMU,14.9444,45.5405,30.2424,-1.3635,0.9374,87.651,-3.301,0.294,46.557,-0.1006,-0.0029,0.9565,
8.260,ENC,14.9239,45.5763,30.2501,-1.0227,1.7896,87.812,-3.301,0.294,46.557,-0.1006,-0.0029,0.9565,
8.280,ENC,14.9052,45.5933,30.2492,-0.9374,0.8522,87.915,-3.301,0.294,46.557,-0.1006,-0.0029,0.9565,
8.300,ENC,14.8847,45.6138,30.2492,-1.0227,1.0227,88.032,-3.301,0.294,46.557,-0.1006,-0.0029,0.9565,
8.309,IMU,14.8847,45.6138,30.2492,-1.0227,1.0227,88.032,-3.493,0.115,46.759,0.1211,0.0093,1.0728,
8.329,IMU,14.8847,45.6138,30.2492,-1.0227,1.0227,88.032,-3.574,0.083,46.766,0.1211,-0.0273,0.9595,
8.340,ENC,14.8711,45.6325,30.2518,-0.3409,0.4687,88.125,-3.574,0.083,46.766,0.1211,-0.0273,0.9595,
8.350,IMU,14.8711,45.6325,30.2518,-0.3409,0.4687,88.125,-3.558,0.048,46.791,0.0479,0.0176,1.0137,
8.368,IMU,14.8711,45.6325,30.2518,-0.3409,0.4687,88.125,-3.590,0.053,46.832,0.0767,-0.0068,1.0015,
8.380,ENC,14.8711,45.6445,30.2578,0.0000,0.2983,88.159,-3.590,0.053,46.832,0.0767,-0.0068,1.0015,
8.400,ENC,14.8711,45.6445,30.2578,0.0000,0.0000,88.159,-3.590,0.053,46.832,0.0767,-0.0068,1.0015,
8.409,IMU,14.8711,45.6445,30.2578,0.0000,0.0000,88.159,-3.553,-0.038,46.815,0.0137,-0.0557,0.9946,
8.420,ENC,14.8728,45.6445,30.2586,0.0852,0.0000,88.154,-3.553,-0.038,46.815,0.0137,-0.0557,0.9946,
8.429,IMU,14.8728,45.6445,30.2586,0.0852,0.0000,88.154,-3.574,-0.073,46.836,0.0967,-0.0308,1.0234,
8.449,IMU,14.8728,45.6445,30.2586,0.0852,0.0000,88.154,-3.552,-0.081,46.782,0.0547,-0.0220,0.9785,
8.460,ENC,14.8711,45.6513,30.2612,-0.0426,0.1704,88.179,-3.552,-0.081,46.782,0.0547,-0.0220,0.9785,
8.469,IMU,14.8711,45.6513,30.2612,-0.0426,0.1704,88.179,-3.502,-0.016,46.742,0.0308,0.0200,1.0171,
8.490,IMU,14.8711,45.6513,30.2612,-0.0426,0.1704,88.179,-3.505,-0.054,46.775,0.0459,-0.0024,1.0010,
8.500,ENC,14.8711,45.6513,30.2612,0.0000,0.0000,88.179,-3.505,-0.054,46.775,0.0459,-0.0024,1.0010,
8.509,IMU,14.8711,45.6513,30.2612,0.0000,0.0000,88.179,-3.535,-0.083,46.816,0.0811,-0.0059,0.9946,
8.520,ENC,14.8711,45.6513,30.2612,0.0000,0.0000,88.179,-3.535,-0.083,46.816,0.0811,-0.0059,0.9946,
8.534,IMU,14.8711,45.6513,30.2612,0.0000,0.0000,88.179,-3.531,-0.146,46.811,0.0454,-0.0234,0.9766,
8.541,ENC,14.8711,45.6513,30.2612,0.0000,0.0000,88.179,-3.531,-0.146,46.811,0.0454,-0.0234,0.9766,
8.551,IMU,14.8711,45.6513,30.2612,0.0000,0.0000,88.179,-3.486,-0.176,46.804,0.0352,-0.0039,1.0054,
8.560,ENC,14.8711,45.6513,30.2612,0.0000,0.0000,88.179,-3.486,-0.176,46.804,0.0352,-0.0039,1.0054,
8.568,IMU,14.8711,45.6513,30.2612,0.0000,0.0000,88.179,-3.401,-0.199,46.814,0.0557,-0.0176,0.9966,
8.580,ENC,14.8711,45.6513,30.2612,0.0000,0.0000,88.179,-3.401,-0.199,46.814,0.0557,-0.0176,0.9966,
8.591,IMU,14.8711,45.6513,30.2612,0.0000,0.0000,88.179,-3.409,-0.207,46.794,0.0610,-0.0010,0.9990,
8.629,IMU,14.8711,45.6513,30.2612,0.0000,0.0000,88.179,-3.443,-0.165,46.876,0.0483,-0.0088,0.9946,
8.653,IMU,14.8711,45.6513,30.2612,0.0000,0.0000,88.179,-3.469,-0.205,46.858,0.0552,-0.0166,0.9956,
8.660,ENC,14.8711,45.6513,30.2612,0.0000,0.0000,88.179,-3.469,-0.205,46.858,0.0552,-0.0166,0.9956,
8.673,IMU,14.8711,45.6513,30.2612,0.0000,0.0000,88.179,-3.501,-0.156,46.838,0.0630,-0.0112,0.9912,
8.680,ENC,14.8711,45.6513,30.2612,0.0000,0.0000,88.179,-3.501,-0.156,46.838,0.0630,-0.0112,0.9912,
8.688,IMU,14.8711,45.6513,30.2612,0.0000,0.0000,88.179,-3.504,-0.126,46.832,0.0601,-0.0020,0.9849,
8.703,ENC,14.8711,45.6513,30.2612,0.0000,0.0000,88.179,-3.504,-0.126,46.832,0.0601,-0.0020,0.9849,
8.709,IMU,14.8711,45.6513,30.2612,0.0000,0.0000,88.179,-3.536,-0.147,46.839,0.0640,-0.0068,0.9980,
8.723,ENC,14.8711,45.6513,30.2612,0.0000,0.0000,88.179,-3.536,-0.147,46.839,0.0640,-0.0068,0.9980,
8.728,IMU,14.8711,45.6513,30.2612,0.0000,0.0000,88.179,-3.551,-0.170,46.840,0.0576,-0.0161,0.9897,
8.748,IMU,14.8711,45.6513,30.2612,0.0000,0.0000,88.179,-3.595,-0.177,46.851,0.0576,-0.0117,1.0010,
8.760,ENC,14.8711,45.6513,30.2612,0.0000,0.0000,88.179,-3.595,-0.177,46.851,0.0576,-0.0117,1.0010,
8.768,IMU,14.8711,45.6513,30.2612,0.0000,0.0000,88.179,-3.547,-0.216,46.845,0.0503,-0.0103,0.9912,
8.780,ENC,14.8711,45.6513,30.2612,0.0000,0.0000,88.179,-3.547,-0.216,46.845,0.0503,-0.0103,0.9912,
8.789,IMU,14.8711,45.6513,30.2612,0.0000,0.0000,88.179,-3.531,-0.198,46.776,0.0654,-0.0010,0.9888,
8.800,ENC,14.8711,45.6513,30.2612,0.0000,0.0000,88.179,-3.531,-0.198,46.776,0.0654,-0.0010,0.9888,
8.809,IMU,14.8711,45.6513,30.2612,0.0000,0.0000,88.179,-3.571,-0.232,46.796,0.0659,-0.0273,1.0020,
8.840,ENC,14.8711,45.6513,30.2612,0.0000,0.0000,88.179,-3.571,-0.232,46.796,0.0659,-0.0273,1.0020,
8.849,IMU,14.8711,45.6513,30.2612,0.0000,0.0000,88.179,-3.530,-0.299,46.851,0.0459,-0.0073,0.9961,
8.874,IMU,14.8711,45.6513,30.2612,0.0000,0.0000,88.179,-3.568,-0.350,46.842,0.0620,-0.0151,0.9995,
8.880,ENC,14.8711,45.6513,30.2612,0.0000,0.0000,88.179,-3.568,-0.350,46.842,0.0620,-0.0151,0.9995,
8.888,IMU,14.8711,45.6513,30.2612,0.0000,0.0000,88.179,-3.585,-0.354,46.844,0.0635,-0.0005,1.0068,
8.909,IMU,14.8711,45.6513,30.2612,0.0000,0.0000,88.179,-3.550,-0.362,46.780,0.0547,0.0015,0.9966,
8.922,ENC,14.8711,45.6513,30.2612,0.0000,0.0000,88.179,-3.550,-0.362,46.780,0.0547,0.0015,0.9966,
8.938,IMU,14.8711,45.6513,30.2612,0.0000,0.0000,88.179,-3.567,-0.359,46.823,0.0498,-0.0078,1.0015,
8.948,IMU,14.8711,45.6513,30.2612,0.0000,0.0000,88.179,-3.593,-0.343,46.869,0.0552,-0.0039,0.9985,
8.969,IMU,14.8711,45.6513,30.2612,0.0000,0.0000,88.179,-3.593,-0.363,46.846,0.0571,-0.0146,0.9873,
8.989,IMU,14.8711,45.6513,30.2612,0.0000,0.0000,88.179,-3.602,-0.378,46.810,0.0591,0.0029,1.0044,
9.016,IMU,14.8711,45.6513,30.2612,0.0000,0.0000,88.179,-3.554,-0.413,46.833,0.0537,-0.0020,1.0000,
9.021,ENC,14.8711,45.6513,30.2612,0.0000,0.0000,88.179,-3.554,-0.413,46.833,0.0537,-0.0020,1.0000,
9.031,IMU,14.8711,45.6513,30.2612,0.0000,0.0000,88.179,-3.517,-0.430,46.786,0.0640,-0.0088,1.0005,
9.040,ENC,14.8711,45.6513,30.2612,0.0000,0.0000,88.179,-3.517,-0.430,46.786,0.0640,-0.0088,1.0005,
9.048,IMU,14.8711,45.6513,30.2612,0.0000,0.0000,88.179,-3.482,-0.439,46.793,0.0542,-0.0078,1.0073,
9.066,ENC,14.8711,45.6513,30.2612,0.0000,0.0000,88.179,-3.482,-0.439,46.793,0.0542,-0.0078,1.0073,
9.072,IMU,14.8711,45.6513,30.2612,0.0000,0.0000,88.179,-3.526,-0.448,46.819,0.0605,-0.0083,0.9971,
9.082,ENC,14.8711,45.6513,30.2612,0.0000,0.0000,88.179,-3.526,-0.448,46.819,0.0605,-0.0083,0.9971,
9.089,IMU,14.8711,45.6513,30.2612,0.0000,0.0000,88.179,-3.524,-0.436,46.796,0.0566,-0.0122,0.9937,
9.100,ENC,14.8711,45.6513,30.2612,0.0000,0.0000,88.179,-3.524,-0.436,46.796,0.0566,-0.0122,0.9937,
9.117,IMU,14.8711,45.6513,30.2612,0.0000,0.0000,88.179,-3.515,-0.443,46.800,0.0576,-0.0078,1.0029,
9.122,ENC,14.8711,45.6513,30.2612,0.0000,0.0000,88.179,-3.515,-0.443,46.800,0.0576,-0.0078,1.0029,
9.129,IMU,14.8711,45.6513,30.2612,0.0000,0.0000,88.179,-3.501,-0.484,46.785,0.0562,-0.0078,0.9878,
9.140,ENC,14.8711,45.6513,30.2612,0.0000,0.0000,88.179,-3.501,-0.484,46.785,0.0562,-0.0078,0.9878,
9.148,IMU,14.8711,45.6513,30.2612,0.0000,0.0000,88.179,-3.493,-0.497,46.795,0.0557,-0.0063,0.9976,
9.163,ENC,14.8711,45.6513,30.2612,0.0000,0.0000,88.179,-3.493,-0.497,46.795,0.0557,-0.0063,0.9976,
9.178,IMU,14.8711,45.6513,30.2612,0.0000,0.0000,88.179,-3.473,-0.472,46.804,0.0586,-0.0132,0.9922,
9.189,IMU,14.8711,45.6513,30.2612,0.0000,0.0000,88.179,-3.485,-0.444,46.769,0.0454,-0.0044,0.9771,
9.200,ENC,14.8711,45.6513,30.2612,0.0000,0.0000,88.179,-3.485,-0.444,46.769,0.0454,-0.0044,0.9771,
9.209,IMU,14.8711,45.6513,30.2612,0.0000,0.0000,88.179,-3.499,-0.468,46.818,0.0620,-0.0063,1.0000,
9.225,ENC,14.8711,45.6513,30.2612,0.0000,0.0000,88.179,-3.499,-0.468,46.818,0.0620,-0.0063,1.0000,
9.231,IMU,14.8711,45.6513,30.2612,0.0000,0.0000,88.179,-3.513,-0.485,46.861,0.0586,-0.0103,0.9990,
9.240,ENC,14.8711,45.6513,30.2612,0.0000,0.0000,88.179,-3.513,-0.485,46.861,0.0586,-0.0103,0.9990,
9.248,IMU,14.8711,45.6513,30.2612,0.0000,0.0000,88.179,-3.535,-0.505,46.817,0.0576,-0.0117,0.9956,
9.261,ENC,14.8711,45.6513,30.2612,0.0000,0.0000,88.179,-3.535,-0.505,46.817,0.0576,-0.0117,0.9956,
9.280,ENC,14.8711,45.6513,30.2612,0.0000,0.0000,88.179,-3.535,-0.505,46.817,0.0576,-0.0117,0.9956,
9.284,IMU,14.8711,45.6513,30.2612,0.0000,0.0000,88.179,-3.533,-0.526,46.793,0.0503,-0.0107,0.9956,
9.288,IMU,14.8711,45.6513,30.2612,0.0000,0.0000,88.179,-3.585,-0.534,46.793,0.0610,-0.0059,0.9922,
9.300,ENC,14.8711,45.6513,30.2612,0.0000,0.0000,88.179,-3.585,-0.534,46.793,0.0610,-0.0059,0.9922,
9.308,IMU,14.8711,45.6513,30.2612,0.0000,0.0000,88.179,-3.548,-0.533,46.788,0.0547,0.0015,0.9966,
9.320,ENC,14.8711,45.6513,30.2612,0.0000,0.0000,88.179,-3.548,-0.533,46.788,0.0547,0.0015,0.9966,
9.335,IMU,14.8711,45.6513,30.2612,0.0000,0.0000,88.179,-3.522,-0.557,46.750,0.0532,-0.0171,0.9927,
9.344,ENC,14.8711,45.6513,30.2612,0.0000,0.0000,88.179,-3.522,-0.557,46.750,0.0532,-0.0171,0.9927,
9.348,IMU,14.8711,45.6513,30.2612,0.0000,0.0000,88.179,-3.511,-0.513,46.748,0.0576,-0.0010,0.9951,
9.370,IMU,14.8711,45.6513,30.2612,0.0000,0.0000,88.179,-3.517,-0.540,46.729,0.0649,-0.0122,1.0024,
9.383,ENC,14.8711,45.6513,30.2612,0.0000,0.0000,88.179,-3.517,-0.540,46.729,0.0649,-0.0122,1.0024,
9.392,IMU,14.8711,45.6513,30.2612,0.0000,0.0000,88.179,-3.555,-0.502,46.750,0.0679,-0.0103,0.9995,
9.400,ENC,14.8711,45.6513,30.2612,0.0000,0.0000,88.179,-3.555,-0.502,46.750,0.0679,-0.0103,0.9995,
9.408,IMU,14.8711,45.6513,30.2612,0.0000,0.0000,88.179,-3.557,-0.495,46.722,0.0576,-0.0093,1.0000,
