time_s,frame,found,n_bands,e_near_in,phi_deg,spin,f,t,left_raw,right_raw,status
0.156,2554,1,8,-1.38,1.1,0,50,8,-58,-42,running
0.324,2556,1,8,-1.38,1.1,0,50,8,-58,-42,running
0.494,2558,1,8,-1.38,1.1,0,50,8,-58,-42,running
0.663,2560,1,8,-1.38,1.1,0,50,8,-58,-42,running
0.832,2562,1,8,-1.37,1.1,0,50,8,-58,-42,running
1.000,2564,1,8,-1.37,1.1,0,50,8,-58,-42,running
1.169,2566,1,8,-1.26,1.7,0,50,12,-62,-38,running
1.337,2568,1,8,-0.85,3.6,0,50,25,-75,-25,running
1.505,2570,1,8,-0.61,4.7,0,50,32,-82,-18,running
1.673,2572,1,8,-0.3,6.0,0,50,33,-83,-17,running
1.842,2574,1,8,0.1,6.9,0,50,35,-85,-15,running
2.010,2577,1,8,0.49,7.5,0,50,35,-85,-15,running
2.178,2579,1,8,0.76,7.5,0,50,35,-85,-15,running
2.346,2581,1,8,0.88,6.7,0,50,34,-84,-16,running
2.517,2583,1,8,0.93,5.8,0,50,33,-83,-17,running
2.686,2585,1,8,0.88,3.5,0,50,24,-74,-26,running
2.856,2587,1,8,0.68,0.3,0,50,0,-50,-50,running
3.026,2589,1,8,0.51,-1.7,0,50,-12,-38,-62,running
3.194,2591,1,8,0.19,-4.4,0,50,-31,-19,-81,running
3.363,2594,1,8,-0.42,-8.1,0,50,-36,-14,-86,running
3.531,2596,1,8,-0.68,-9.9,0,50,-39,-11,-89,running
3.702,2597,1,8,-0.83,-10.4,0,50,-39,-11,-89,running
3.880,2600,1,8,-0.95,-10.5,0,50,-39,-11,-89,running
4.049,2602,1,8,-0.99,-10.3,0,50,-39,-11,-89,running
4.218,2604,1,8,-0.99,-9.5,0,50,-38,-12,-88,running
4.386,2606,1,8,-0.95,-8.6,0,50,-37,-13,-87,running
4.555,2608,1,8,-0.86,-7.8,0,50,-36,-14,-86,running
4.723,2610,1,8,-0.75,-6.4,0,50,-34,-16,-84,running
4.891,2612,1,6,-0.5,-4.0,0,50,-28,-22,-78,running
5.059,2614,1,6,-0.34,-2.5,0,50,-18,-32,-68,running
5.227,2617,1,5,-0.08,-0.5,0,50,-3,-47,-53,running
5.396,2619,1,6,0.2,2.8,0,50,19,-69,-31,running
5.565,2621,1,5,0.47,4.1,0,50,29,-79,-21,running
5.766,2622,1,5,0.67,5.3,0,50,32,-82,-18,running
5.935,2624,1,7,0.74,7.8,0,50,36,-86,-14,running
6.104,2626,1,6,0.85,7.6,0,50,35,-85,-15,running
6.272,2628,1,7,0.82,6.4,0,50,34,-84,-16,running
6.440,2630,1,5,0.79,5.6,0,50,33,-83,-17,running
6.608,2632,1,6,0.71,4.7,0,50,32,-82,-18,running
6.776,2634,1,6,0.5,3.3,0,50,23,-73,-27,running
6.944,2636,1,6,0.4,2.0,0,50,14,-64,-36,running
7.112,2638,1,5,0.25,0.6,0,50,4,-54,-46,running
7.281,2640,1,4,-0.03,-2.1,0,50,-14,-36,-64,running
7.449,2642,1,5,-0.2,-3.3,0,50,-23,-27,-73,running
7.617,2644,1,5,-0.3,-4.1,0,50,-29,-21,-79,running
7.785,2647,1,5,-0.37,-4.7,0,50,-32,-18,-82,running
7.953,2649,1,4,-0.42,-4.9,0,50,-32,-18,-82,running
8.120,2651,1,5,-0.4,-4.3,0,50,-30,-20,-80,running
8.289,2653,1,6,-0.28,-3.4,0,50,-24,-26,-74,running
8.456,2655,1,4,-0.18,-2.7,0,50,-19,-31,-69,running
8.624,2657,1,5,-0.06,-1.8,0,50,-13,-37,-63,running
8.792,2658,1,4,0.05,-1.1,0,50,-7,-43,-57,running
8.961,2660,1,5,0.34,0.8,0,50,6,-56,-44,running
9.130,2662,1,5,0.47,1.6,0,50,11,-61,-39,running
9.300,2664,1,5,0.52,1.9,0,50,13,-63,-37,running
9.468,2666,1,6,0.53,1.9,0,50,13,-63,-37,running
9.637,2668,1,5,0.54,1.8,0,50,13,-63,-37,running
9.805,2670,1,5,0.51,1.6,0,50,11,-61,-39,running
9.973,2672,1,6,0.44,1.2,0,50,9,-59,-41,running
10.140,2675,1,6,0.4,1.1,0,50,7,-57,-43,running
10.309,2677,1,7,0.35,0.8,0,50,6,-56,-44,running
10.476,2679,1,4,0.3,0.5,0,50,4,-54,-46,running
10.645,2680,1,5,0.28,0.4,0,50,3,-53,-47,running
10.813,2683,1,5,0.26,0.2,0,50,0,-50,-50,running
10.981,2684,1,5,0.26,0.2,0,50,0,-50,-50,running
11.149,2686,1,5,0.23,0.2,0,50,0,-50,-50,running
11.317,2688,1,6,0.21,0.2,0,50,0,-50,-50,running
11.485,2690,1,7,0.25,0.2,0,50,0,-50,-50,running
11.653,2692,1,6,0.3,0.3,0,50,2,-52,-48,running
11.821,2694,1,6,0.24,0.4,0,50,3,-53,-47,running
11.988,2696,1,6,0.21,0.5,0,50,4,-54,-46,running
12.156,2698,1,7,0.19,0.7,0,50,5,-55,-45,running
12.324,2700,1,7,0.18,1.0,0,50,7,-57,-43,running
12.493,2702,1,7,0.17,1.1,0,50,8,-58,-42,running
12.662,2704,1,7,0.17,1.3,0,50,9,-59,-41,running
12.831,2706,1,7,0.23,1.7,0,50,12,-62,-38,running
13.001,2708,1,7,0.25,1.9,0,50,13,-63,-37,running
13.169,2711,1,8,0.3,2.0,0,50,14,-64,-36,running
13.338,2713,1,6,0.36,2.3,0,50,16,-66,-34,running
13.506,2715,1,7,0.38,2.3,0,50,16,-66,-34,running
13.675,2716,1,8,0.4,2.4,0,50,17,-67,-33,running
13.844,2717,1,8,0.42,2.5,0,50,17,-67,-33,running
14.017,2718,1,8,0.46,2.6,0,50,18,-68,-32,running
14.185,2721,1,8,0.5,2.9,0,50,20,-70,-30,running
14.353,2723,1,8,0.56,3.1,0,50,21,-71,-29,running
14.521,2725,1,8,0.58,3.2,0,50,22,-72,-28,running
14.690,2727,1,8,0.61,3.3,0,50,23,-73,-27,running
14.858,2729,1,7,0.64,3.5,0,50,25,-75,-25,running
15.027,2731,1,6,0.67,3.8,0,50,26,-76,-24,running
15.195,2733,1,4,0.68,4.2,0,50,29,-79,-21,running
15.364,2736,0,1,,,0,,,-79,-21,running
15.531,2738,0,0,,,0,,,0,0,finished
